"","S0","F0","L0","I0","J0","S1","F1","L1","I1","J1","N0","N1","cL0","cF0","cI0","cJ0","cL1","cF1","cI1","cJ1","cN0","cN1","LTBIEn","LTBIEnD","curedLTBIEn","curedLTBIEnD","natdeath0","natdeath1","tbdeath0","tbdeath1","tbdeathD0","tbdeathD1","progAcute0","progChron0","progAcute1","progChron1","progTotalD0","progTotalD1","exogenous0","exogenous1","interventionCost"
"1",245.839449803436,0.001934508,4.15159857142857,0.00496811893208895,0.00204899820362991,25.5009651876495,0.00110792,5.89212,0.00411127978417892,0.00169561256635628,250,31.4,0,0,0,0,0,0,0,0,0,0,0.263109,0,0,0,0,0,0,0,0,0,0,0,0,0,0,0,0,0,0
"2",247.52918184292,0.00187520205240416,3.95722936747859,0.00488980601328834,0.00201669965519801,26.273681541506,0.00132275231549714,5.76958447689318,0.00416811841144407,0.00171905448607581,251.495192918119,32.0504759436122,124972011.691454,1331699.39899055,65318010.0718298,26939066.3008113,179732676.479274,877377.204162264,58999538.3908928,24333142.9521764,218560787.463087,263942735.026505,0.474397786985455,0.20392731356469,0,0,2.5717569099654,0.478873081256721,0.000641793025847044,0.000537536550592253,0.000619461762332209,0.000518800670021836,0.00227978945091307,0.00453996207735011,0.00149680564305283,0.0046640319206887,0.00658278520522025,0.00594600613226416,7.66514684497072e-06,7.13698407993896e-05,0
"3",249.224667923925,0.00182601648003188,3.7727979977523,0.00474036897245847,0.00195506742931903,27.0360359975774,0.0013663342314098,5.65642180246054,0.00419384893870897,0.00172966651144494,253.005987374559,32.6997476497195,241323306.733187,2599312.4616195,126585724.376488,52207671.6355008,351718437.193865,1804377.14425362,116884221.050076,48206486.6477719,422716015.206796,518613522.035967,0.68729691034118,0.404606830783574,0,0,5.15892909172681,0.967555477379518,0.00126790391852163,0.00108142017997847,0.00120968128408787,0.0010314689498416,0.00450180636945997,0.00886789632534357,0.00311569654537962,0.0092338380766009,0.0127573793613931,0.011779656486871,1.47546191218495e-05,0.000140702511901987,0
"4",250.926788643378,0.00176523460207952,3.59743583593378,0.00456472172988012,0.00188262534622174,27.78882400453,0.00137804542939228,5.55179554463091,0.00417649544850412,0.00172250942226441,254.53243706099,33.3478965994611,349667151.33169,3800349.95667228,183975711.292676,75876988.2732508,516484522.933899,2726241.52031246,172890708.23759,71305207.3522267,613320200.85429,763406680.044028,0.901817190068595,0.602088938931814,0,0,7.761676840041,1.46602962616089,0.00187264574388985,0.00162559292667256,0.00176644156349623,0.00153243271690623,0.00665746845327289,0.01299441277414,0.00476406761057137,0.0137165814022568,0.0185411740052321,0.0174240212623577,2.12472071991379e-05,0.000207413306201003,0
"5",252.636197843255,0.0016981123720697,3.43051248213567,0.00437908276484694,0.00180606238324196,28.5327780686965,0.00137766944872291,5.45500242475891,0.00413721384472396,0.00170630853482966,256.074593582911,33.9950016852837,450565316.735198,4931287.44181303,237625648.350983,98003798.4724393,674509121.916521,3629773.71105231,226922302.300766,93589424.1127458,791126051.000434,998650622.041086,1.11796954551202,0.796423300717893,0,0,10.3801609865702,1.97427917993041,0.00245379331688352,0.00216590222985782,0.00228897980594612,0.00201822060605004,0.00873586453583777,0.0169293015211222,0.00641829019455833,0.0181187984299936,0.0239480443544672,0.0228693552157712,2.71633777488543e-05,0.00027120831485456,0
"6",254.353441249431,0.00162879021155945,3.27151767572861,0.00419180757830507,0.0017288245944422,29.2685119607687,0.00137165713878159,5.36548037231057,0.00408866074948539,0.00168628381193465,257.632508347544,34.6411389347795,544535972.983684,5992129.31470671,287715901.751512,118662490.552884,826228918.79021,4509928.29991694,279005125.50997,115069910.521062,956906494.602788,1224813883.12116,1.33576499234395,0.987658859108006,0,0,13.0145428903933,2.49228895868352,0.00301064675916541,0.00270040784154697,0.00277797504284159,0.00248756180329773,0.0107320812973307,0.0206817198474212,0.00806825868405095,0.0224465234765135,0.0289961678145685,0.0281182909639763,3.25388801831001e-05,0.000332079516177364,0
"7",256.078998536318,0.00155963030296533,3.12001491462922,0.00400739745439177,0.0016527684416418,29.9965604414387,0.00136307804887669,5.28275654527839,0.00403735410749004,0.001665123445462,259.206233247146,35.2863825423189,632058866.570904,6984969.52546557,334447729.103398,137936069.065244,972044827.105468,5364845.3437839,329208438.716294,135775231.786946,1111427634.26501,1442393342.95249,1.55521464101943,1.17584384348226,0,0,15.664984440189,3.02004491567846,0.00354331624743051,0.00322837633114743,0.00323480316909098,0.00294032936816843,0.0126450362788043,0.024260297694288,0.0097092597643656,0.0267053795032342,0.0337058272387703,0.0331778086538784,3.74150059341574e-05,0.000390154834370401,0
"8",257.813305676713,0.00149191273423763,2.97561633558206,0.00382822032857562,0.00157887053099446,30.7174055004926,0.00135350458122836,5.20641575173702,0.00398655407108147,0.00164417201801665,260.795821015889,35.9308054829,713579195.091508,7912934.78288614,378027300.219571,155909564.497338,1112326145.0617,6194189.43623229,377618545.853843,155740982.188308,1255428994.5913,1651879862.54009,1.77632969608714,1.36102577783196,0,0,18.3316480607566,3.55753411393732,0.00405234535307241,0.00374968705119019,0.00366115535662444,0.00337693989946808,0.0144757736106907,0.0276732051955796,0.0113392640775569,0.0309006358515488,0.0380978005349242,0.0380566060437214,4.18338831560735e-05,0.000445616595484475,0
"9",259.556767848148,0.00142629409742151,2.83796821421699,0.00365545662769237,0.00150761770520646,31.4314910734461,0.00134377882324431,5.1360830574511,0.00393784482091485,0.00162408289224172,262.401325430795,36.5744798374336,789510641.604508,8779592.23085838,418657041.069587,172666463.265988,1247413719.00827,6998360.79828119,424326694.794515,175004795.028247,1389613738.17094,1853743569.62931,1.99912145615938,1.54325148855395,0,0,21.0146967229725,4.10474471098763,0.00453849956837202,0.00426452194977743,0.00405883243424458,0.00379804981896617,0.0162264707741631,0.0309281982615509,0.0129576131799165,0.0350372466862904,0.0421924883042744,0.0427638791445363,4.58361662202309e-05,0.000498662258491601,0
"10",261.309767157442,0.00136311312320712,2.70674237767346,0.00348960254540778,0.00143921460912298,32.1392317027404,0.00133428000258419,5.07141387678483,0.00389198868986922,0.00160517047661273,264.022801465393,37.2174770186943,860238171.483372,9588625.955837,456531302.889608,188286921.530743,1377622747.54889,7778131.6003412,469423834.247225,193604180.226257,1514645021.85956,2048428893.62272,2.22360132313167,1.72256714743497,0,0,23.7142940828393,4.66166594027235,0.00500265109394905,0.00477320751285962,0.00442963913670436,0.00420440611137172,0.0178998671830254,0.0340326567223075,0.0145644068940591,0.0391198821009883,0.0460094773719649,0.0473087938175429,4.94600292170995e-05,0.000549486534765797,0
"11",263.072666470798,0.00130248157129164,2.58163174089382,0.00333080100453465,0.0013737201883109,32.8410163606933,0.00132526802257967,5.01208924134193,0.00384926646773919,0.00158755057709018,265.660305214456,37.8598676871026,926119386.879367,10343672.7463388,491834140.545239,202846848.925438,1503244315.32502,8534408.89554967,512997122.905417,211575084.58811,1631144049.09638,2236350931.7141,2.4497807742862,1.89901816895552,0,0,26.430604089588,5.22828812496307,0.00544570895212154,0.00527613598888075,0.00477532236031798,0.00459677388443711,0.0194989683976741,0.0369935929081033,0.0161600815827106,0.0431529394018825,0.0495673168892163,0.0517001339641044,5.27406730885484e-05,0.000598273520679966,0
"12",264.845815876048,0.00124424416855702,2.46234388825787,0.00317894672543579,0.00131109102235488,33.7583549274779,0.00126662413605674,4.73681328290417,0.00374550540146277,0.00154475646501007,267.313894046222,38.5017250963846,987487350.457027,11048204.8344431,524738372.443295,216417520.838196,1621846097.09167,9251012.67120766,554177781.109486,228559197.858715,1739691448.57296,2413834088.73108,2.4497807742862,1.89901816895552,0.227890612484183,0.173631148989079,29.1637913385599,5.8046026525923,0.00586858512908198,0.0057705759983709,0.00509754852698616,0.00497351684875234,0.021026791254873,0.0398176893096111,0.0177081194616835,0.0470513998136765,0.0528834235907135,0.0558503434893007,5.57100506545534e-05,0.00064386481219141,173631148.989079
"13",266.629557644904,0.00118814900236073,2.34859610848081,0.00303369516897868,0.0012511850131946,34.6594631118603,0.00122804915996005,4.4773612489197,0.00359359732959537,0.00148210511333594,268.98362678257,39.1431281123829,1044652190.80779,11705375.2057338,555403602.80193,229064762.73752,1731323644.3138,9927901.43435032,592442109.725109,244340531.129565,1840825931.55297,2578034186.60283,2.4497807742862,1.89901816895552,0.457504078248712,0.344486577343971,31.914021211606,6.39060206987148,0.00627216157643878,0.00624763878792686,0.00539788195493199,0.00532853370279375,0.0224860075691424,0.0425113111759757,0.0192053882946322,0.0507360557390937,0.055973882477895,0.059706643704534,5.83966379471717e-05,0.000684757652641159,344486577.343971
"14",268.424216778871,0.00113428456081522,2.24012387142441,0.00289477751479224,0.00119389129141149,35.5455255714064,0.00118411832106312,4.23259566786791,0.0034295545695286,0.00141444905974904,270.669563603663,39.7841493612246,1097902107.18406,12318165.6300682,583978998.378626,240850095.376496,1832391527.05797,10567149.2699043,628001578.154603,259006300.594836,1935049366.56925,2729966555.07731,2.4497807742862,1.89901816895552,0.688852184137114,0.512609750221283,34.6814596023283,6.98628008526905,0.00665727702471782,0.00670402101065536,0.00567777865226512,0.00566022757988563,0.0238792429064269,0.0450805102320867,0.0206532104088493,0.0542190825927222,0.0588537266591358,0.0632903466132073,6.08267126007815e-05,0.000721137820966377,512609750.221283
"15",270.230104703496,0.00108267109926076,2.13667746409493,0.0027619933702764,0.00113912720921004,36.4175454545623,0.00113688610530859,4.00156588911236,0.0032640372866618,0.00134618486964004,272.37176595927,40.4248584519362,1147505855.08439,12889450.460254,610605199.367992,251831522.903183,1925705736.61442,11167751.1429388,661002805.407529,272616976.241522,2022832027.81582,2870493269.4064,2.4497807742862,1.89901816895552,0.921946813071105,0.678043502507375,37.4662730129098,7.5916314504246,0.00702474165192415,0.00713890703632887,0.00593860570276282,0.00596891247809829,0.0252091916403801,0.0475310577218576,0.0220460446452551,0.0575118519409414,0.0615371299310859,0.0666162285602505,6.30244189184691e-05,0.000753388058484183,678043502.507375
"16",272.047520816727,0.00103327829111923,2.03802052980343,0.00263514166881456,0.00108680984081053,37.2764259590048,0.00108866173893337,3.78342804615786,0.00310164054953731,0.0012792076842725,274.090296576331,41.0653235151351,1193713602.88604,13421963.7050794,635414077.585782,262063433.1286,2011868648.68707,11730102.4276437,691601958.433845,285236965.907747,2104613077.3055,3000437675.45632,2.4497807742862,1.89901816895552,1.15679994609807,0.840830028895328,40.2686285832765,8.20665195854939,0.00737533977051963,0.00755244280844248,0.00618164592325671,0.00625558374353638,0.0264785409813149,0.0498684517930452,0.0233813800959322,0.0606250157989687,0.0640373824083213,0.0697000281373102,6.50117655847804e-05,0.000781927668698811,840830028.895328
"17",273.876753561349,0.000986051014918451,1.94392899464117,0.00251400731831687,0.001036850475916,38.1229978278001,0.00104060817281851,3.57741433219726,0.00294455351584798,0.00121442037659255,275.825219464799,41.7056117420626,1236757999.41689,13918284.1423981,658528863.835706,271596650.056534,2091433555.12051,12255527.978907,719958186.654948,296931907.490456,2180801797.45152,3120579177.2448,2.4497807742862,1.89901816895552,1.3934236637428,1.00101088331299,43.0886941127505,8.83133843983673,0.00770982835765972,0.0079452086299704,0.00640810031992691,0.00652149548325793,0.0276899253692864,0.0520979283750286,0.0246588763827061,0.0635685709019277,0.0663669033594417,0.0725577845111566,6.68087275543372e-05,0.000807161833486127,1001010883.31299
"18",275.718081554567,0.000940920514861275,1.85418989916285,0.00239836701296758,0.000989157016647645,38.9580349243437,0.000993450665616181,3.38281524371154,0.00279379497242913,0.0011522431242222,277.576599898274,42.3457896568175,1276855658.46535,14380834.6568906,680064653.577389,280478642.435873,2164909845.19919,12745708.4025996,746225538.864542,307765335.237917,2251779789.1355,3231646427.70423,2.4497807742862,1.89901816895552,1.63183014527612,1.15862699464519,45.9266380667565,9.46568873683323,0.00802893563504255,0.00831796764496373,0.00661909230029195,0.00676796441237977,0.0288459022653714,0.0542244782607981,0.0258791981915385,0.0663519241336852,0.0685372921685679,0.0752050228044768,6.84334248047196e-05,0.000829462792802967,1158626994.64519
"19",277.571774459761,0.000897810782606212,1.76860048802267,0.00228799477543287,0.000943636263314122,39.7822627069309,0.000947549834752831,3.19897037322849,0.00264976233765646,0.00109283983417467,279.344504389605,42.9859232321659,1314208553.34587,14811888.943092,700129002.060864,288753769.211543,2232767450.63819,13202518.2417236,770551425.018141,317798045.346462,2317903213.56137,3334319439.24449,2.4497807742862,1.89901816895552,1.87203166749862,1.31371868589869,48.7826295779218,10.1097016782762,0.0083333609518946,0.00867156969043997,0.00681567282501971,0.00699630296623803,0.0299489427713327,0.0562528630516969,0.0270436521352004,0.0689839434739651,0.0705593883133242,0.0776565990741716,6.99023112025336e-05,0.000849167997232605,1313718685.89869
"20",279.43809338948,0.000856642258516822,1.68696781997559,0.00218266557453229,0.000900195406445521,40.5963626389959,0.000903108098220561,3.02526349303644,0.0025124839722,0.0010362222032237,281.129000712695,43.6260779463059,1349004678.59312,15213573.7169322,718822190.819774,296463389.434144,2295439137.20664,13627881.1271945,793074819.929046,327087355.111976,2379503832.56397,3429229193.37482,2.4497807742862,1.89901816895552,2.1140406071312,1.46632566998839,51.6568384708823,10.7633770908273,0.00862377419156,0.00900689557999881,0.00699882262874991,0.00720777977525414,0.0310014243761281,0.0581876211127077,0.0281538888410763,0.0714729820237778,0.072443298222172,0.0799265192788409,7.12302764030436e-05,0.000866579081224261,1466325669.98839
"21",281.317291541666,0.000817334805828286,1.60910811380802,0.0020821586739333,0.000858743407893392,41.4009772122899,0.000860226328543335,2.8611172137971,0.00238184236141453,0.000982341764877167,282.930157892362,44.2663188365418,1381419140.53341,15587876.525161,736237735.173679,303646071.568805,2353323898.78004,14023697.9815888,813925934.1377,335686967.186731,2436890823.80105,3516960498.08602,2.4497807742862,1.89901816895552,2.35786944077699,1.61648706204987,54.5494352711993,11.4267157851806,0.00890081626561224,0.0093248171181583,0.00716945679422809,0.00740359476717846,0.032005628478519,0.0600330801152736,0.0292117275330321,0.0738269163392848,0.0741984464207725,0.0820279061088155,7.24307997971474e-05,0.000881963535922382,1616487062.04987
"22",283.209614707254,0.000779809375802869,1.53484623493251,0.00198625973043892,0.000819191866226223,42.1967132903395,0.000818951483540912,2.7059895202882,0.00225764273916115,0.000931118191857423,284.748046203159,44.9067105230423,1411615097.18663,15936653.9128706,752462845.177205,310337783.604158,2406789828.16945,14391811.4844902,833226347.009849,343647024.472985,2490352379.88086,3598055011.13674,2.4497807742862,1.89901816895552,2.60353074562579,1.76424138772702,57.4605912193557,12.0997195496797,0.00916509985576138,0.00962618349182677,0.00732842901606639,0.0075848753579443,0.0329637408597602,0.0617933675397321,0.0302190678138181,0.076053177637458,0.0758336219866972,0.083973012399863,7.35160882698842e-05,0.000895558425232092,1764241387.72702
"23",285.115301652464,0.000743988739882886,1.46401531043009,0.00189476170940898,0.000781455394276019,42.9841444014129,0.000779297531679212,2.55937142975891,0.00213964218880437,0.000882451298207455,286.582737168738,45.5473172221905,1439744480.82818,16261638.331413,767578790.294417,316572043.45476,2456176284.7172,14733992.1462712,851089317.992967,351014238.494271,2540156952.90877,3673013833.35068,2.4497807742862,1.89901816895552,2.85103720007742,1.90962658988236,60.3904782825909,12.7823911454801,0.00941721021779234,0.00991181609210017,0.0074765350494171,0.00775267666007517,0.0338778534265434,0.0634724189066179,0.0311778484885391,0.0781587755004283,0.0773570153015131,0.0857732525017834,7.44971808181482e-05,0.0009075732333381,1909626589.88236
"24",287.034584525316,0.000709798025810918,1.39645631951895,0.00180746547091513,0.000745451860885902,43.7638131112911,0.000741256607266444,2.42078458012065,0.00202757909363029,0.000836233185508519,288.434303560192,46.1882027602982,1465948758.84673,16564445.678123,781661287.757151,322380079.131481,2501796145.68794,15051929.0072186,867620194.244929,357832057.513442,2586554571.41348,3742300326.4535,2.4497807742862,1.89901816895552,3.10040158435803,2.05268003644042,63.3392691674391,13.4747343005326,0.00965770616184457,0.0101825041114656,0.00761451641997801,0.00790798243094165,0.0347499667038092,0.0650739866972437,0.0320900141880664,0.0801503230447372,0.0787762571897503,0.0874392433594515,7.53840562765103e-05,0.000918192730018472,2052680036.44042
"25",288.967689268052,0.000677165075484791,1.33201767872042,0.00172418007814908,0.000711102518106683,44.5362333190567,0.000704807343651686,2.28977891233221,0.00192119125405431,0.000792355714948889,290.302819394443,46.8294305857015,1490359705.68528,16846583.1851061,794780900.503082,327790992.862853,2543938061.53066,15347223.8774309,882916877.056669,364140858.899075,2629778182.23632,3806343021.3638,2.4497807742862,1.89901816895552,3.35163678119607,2.19343852875536,66.3071373332608,14.1767537033106,0.00988712115242475,0.0104390023366662,0.00774306425033229,0.00805170788192309,0.0355819929537118,0.0666016495487611,0.0329574905583131,0.0820340623544584,0.0800984590233205,0.0889808515191508,7.61857408329118e-05,0.000927579957893099,2193438528.75536
"26",290.914835984302,0.000646020563203486,1.27055487324431,0.00164472277848963,0.000678331993388379,45.3018921801616,0.000669920543425828,2.16593074356003,0.00182022106217186,0.000750712641460656,292.188359932881,47.4710637779686,1513100086.77782,17109456.6586795,807003393.846321,332831908.196506,2582868420.57201,15621390.501246,897070296.492535,369978144.8811,2670044845.47933,3865538252.44686,2.4497807742862,1.89901816895552,3.60475577648449,2.33193830954701,69.2942570052612,14.8884549970131,0.0101059643950212,0.010682031278166,0.00786282271592837,0.00818470359797362,0.0363757595518631,0.0680588205849141,0.0337821705691657,0.0838158869454447,0.0813302486669778,0.0904072409630918,7.69104009546524e-05,0.000935878837757061,2331938309.54701
"27",292.876239270772,0.000616297970532977,1.2119301244922,0.00156891880269639,0.00064706820676179,46.061251773429,0.000636561013552896,2.04884110493427,0.00172441640527546,0.000711199986356527,294.091001680244,48.1131650557684,1534284267.78503,17354377.1016003,818390056.036444,337528102.207121,2618833069.11764,15875856.6267104,910164872.690332,375378732.804486,2707556803.1302,3920252531.23913,2.4497807742862,1.89901816895552,3.85977165993262,2.4682150704851,72.3008031871126,15.6098447741437,0.0103147218827322,0.0109122782094197,0.00797439216997884,0.008307759842754,0.0371330123965119,0.0694487550251879,0.0345659074943715,0.085501361817709,0.0824778027844341,0.0917269195994846,7.75654239366692e-05,0.000943216425292015,2468215070.48511
"28",294.852108530842,0.000587933527728755,1.15601207590817,0.00149660110799493,0.000617242264879264,46.8147506406559,0.000604688580143814,1.93813420703552,0.0016335318270866,0.000673716516256059,296.01082238365,48.7557967846148,1554018779.42707,17582566.8953939,828997996.155059,341903128.357737,2652058886.30097,16111966.6238552,922278950.025309,380374934.191227,2742502470.83526,3970824737.14133,2.4497807742862,1.89901816895552,4.11669762572167,2.60230395967119,75.3269516735324,16.3409305712269,0.0105138574074919,0.0111303982104594,0.00807833205194605,0.00842161049060628,0.0378554192445102,0.0707745574056306,0.0353105096465099,0.0870957421655474,0.083546876860541,0.0929477830178264,7.81574904480799e-05,0.000949704862408988,2602303959.67119
"29",296.842648277129,0.000560866155857011,1.10267548999223,0.00142761011236397,0.000588788351426947,47.5628052451377,0.000574259508781631,1.83345598558101,0.00154733009760944,0.000638164390539489,297.94790103174,49.3990209847155,1572402851.34027,17795165.6549024,838880425.860111,345978932.699368,2682755256.82414,16330984.0751183,933485205.442198,384996723.148476,2775057375.55465,4017568169.4899,2.4497807742862,1.89901816895552,4.37554697316996,2.73423958912487,78.3728790629643,17.0817208635691,0.0107038135419337,0.0113370151167406,0.00817516363908921,0.00852693663804952,0.038544572963003,0.0720391885544537,0.0360177355037308,0.0886039912013628,0.0845428335956361,0.0940771556408303,7.86926412977528e-05,0.000955443109637206,2734239589.12487
"30",298.848058421899,0.000535037399052669,1.05180095761566,0.00136179342059129,0.00056164361414217,48.3058113404082,0.000545227924742191,1.73447273758977,0.00146558321502806,0.00060444957455959,299.902317853948,50.0428993387122,1589528914.5186,17993235.7611812,848086924.925625,349775963.387405,2711115441.82619,16534094.5719325,943851034.836031,389271895.723333,2805385038.59281,4060772466.95745,2.4497807742862,1.89901816895552,4.63633310740671,2.86405604224813,81.4387627703297,17.83222506009,0.0108850125907242,0.0115327225497173,0.00826537264093432,0.00862437007533948,0.0392019947062695,0.0732454723011877,0.0366892898889382,0.0900307970493432,0.0854706696667854,0.0951218296640976,7.91763386452444e-05,0.000960518498136733,2864056042.24813
"31",300.868534553188,0.000510391339304344,1.00327462179846,0.00129900553747599,0.000535748046529646,49.0441452390768,0.000517546699425583,1.64086985888198,0.00138807261648755,0.000572481926573958,301.874154319909,50.6874931992012,1605483069.62225,18177767.5529773,856663689.307134,353313272.991078,2737317841.27787,16722408.9766059,953438920.073598,393226221.273291,2833637799.47344,4100705391.60133,2.4497807742862,1.89901816895552,4.89906954005135,2.99178688121821,84.5247810397772,18.5924534982665,0.0110578575069338,0.0117180850855247,0.00834941162510193,0.0087144966712439,0.0398291370096275,0.0743961018730649,0.0373268216347239,0.0913805885982579,0.0863350407279547,0.0960881020447443,7.96135215100549e-05,0.000965008111950272,2991786881.21821
"32",302.904268175309,0.000486874508505599,0.956987937263685,0.00123910759794302,0.000511044376552771,49.7781648919393,0.00049116788053049,1.55235077155082,0.00131458899548466,0.000542175122431526,303.863493139055,51.3328635954885,1620345486.44209,18349683.7809401,864653743.164861,356608605.93805,2761527057.8401,16896966.7238736,962306747.320367,396883573.753597,2859957519.32594,4137614345.63791,2.4497807742862,1.89901816895552,5.1637698898411,3.11746515369203,87.6311129563651,19.3624174396043,0.0112227326988712,0.0118936393841028,0.00842770209231816,0.00879785933955801,0.0404273865372823,0.0754936454785361,0.0379319224740832,0.0926575491253472,0.087140282777823,0.0969818065825629,8.00086517929298e-05,0.000968979907965593,3117465153.69203
"33",304.95544698463,0.000464435783093391,0.912837394864833,0.00118196704714074,0.000487477934696464,50.5082111027495,0.000466043155741888,1.4686357171147,0.00124493203848641,0.000513446546946376,305.870418260259,51.9790712416053,1634190852.0452,18509844.6197605,872097176.973093,359678496.717717,2783895078.81324,17058739.8069858,970508165.897309,400266079.720358,2884476370.35577,4171728064.23786,2.4497807742862,1.89901816895552,5.4304478833863,3.241123400745,90.7579384600264,20.1421290643278,0.0113800049603152,0.0120598955234489,0.0085006368075138,0.00887496137774506,0.0409980672656972,0.076540552717105,0.0385061263138426,0.0938656317438113,0.0878904361565769,0.0978083500858132,8.0365764555407e-05,0.000972493908073031,3241123400.745
"34",307.02225513985,0.000443026278284612,0.870724251641047,0.00112745732364439,0.000464996523310963,51.234608698497,0.000442124320829177,1.38946059421837,0.0011789102331544,0.000486217214803793,307.895014871616,52.6261765444841,1647088801.62352,18659052.4957948,879031376.585843,362538364.354613,2804562401.37905,17208636.7445057,978092932.729093,403394260.391094,2907317595.05977,4203258231.24371,2.4497807742862,1.89901816895552,5.69911735594914,3.36279366492229,93.9054383598667,20.9316014660529,0.0115300243847845,0.0122173383144769,0.00856858204257394,0.00894626966253807,0.0415424436231422,0.0775391608650169,0.0390509088772944,0.0950085743628546,0.0885892686312751,0.0985727470849013,8.0688515162899e-05,0.000975603288615327,3362793664.92229
"35",309.104873456277,0.000422599259881473,0.830554337047522,0.0010754576215645,0.000443550318498355,51.9576673354801,0.000419363342976191,1.31457615925595,0.00111634064294825,0.000460411677600125,309.937369400524,53.2742396103995,1659104220.14541,18798055.4894911,885491183.981397,365202578.704192,2823658799.64111,17347505.7558535,985107154.844333,406287131.658961,2928596038.32049,4232400591.90023,2.4497807742862,1.89901816895552,5.9697922520753,3.48250749655602,97.0737943455778,21.7308486477349,0.0116731250280977,0.0123664282900759,0.00863187915093627,0.00901221690477756,0.0420617227847089,0.0784916993988541,0.0395676881575631,0.0960899101040931,0.0892402915957723,0.0992796442716888,8.09802106127277e-05,0.000978355066701777,3482507496.55602
"36",311.203479584765,0.000403110072348647,0.792237874587219,0.00102585267376101,0.000423091780703694,52.6776822274383,0.000397712673907278,1.24374730444386,0.00105704865437363,0.000435957919600424,311.997569513879,53.92332025113,1670297508.79435,18927550.346322,891509039.335806,367684519.048101,2841303995.74888,17476137.7234305,991593504.551757,408962292.837729,2948418617.52458,4259335930.86176,2.4497807742862,1.89901816895552,6.24248662620651,3.60029595976241,100.263188998429,22.5398855178542,0.0118096255192936,0.0125076026339458,0.0086908459587987,0.00907320365092731,0.0425570567940842,0.0794002941645521,0.0400578250716108,0.0971129767974427,0.0898467743889651,0.0999333421850661,8.12438360493459e-05,0.000980790659699524,3600295959.76242
"37",313.318248225657,0.000384516058692608,0.755689268517374,0.000978532498972643,0.000403575550423746,53.3949350242577,0.000377125727763341,1.17675218626888,0.00100086773442298,0.000412787257699876,314.075704118282,54.5734779912464,1680724902.08819,19048186.0472496,897115149.904502,369996643.745925,2857608465.3666,17595269.448483,997591472.803001,411436031.156039,2966884881.78586,4284231238.77409,2.4497807742862,1.89901816895552,6.51721464340433,3.71618963951357,103.47380580426,23.3587278859012,0.0119398297889355,0.0126412762771611,0.00874577841865585,0.00912960065273707,0.0430295450885426,0.0802669723597911,0.0405226240829319,0.0980809284200404,0.090411761314774,0.100537820744995,8.14820865820203e-05,0.000982946567303972,3716189639.51357
"38",315.449351349854,0.000366776464698993,0.720826883571158,0.000933392139238019,0.000384958339911725,54.1096947111862,0.000357556975253613,1.11338133418556,0.000947639237532026,0.000390834261806994,316.171863360368,55.2247720758463,1690438792.71328,19160567.4748328,902337663.156447,372150561.640795,2872674257.50245,17705587.151056,1003137630.11113,413723429.367864,2984087584.98535,4307240904.13246,2.4497807742862,1.89901816895552,6.7939905801258,3.83021864912553,106.705829167333,24.187392457641,0.0120640278234648,0.0127678430469255,0.00879695230461255,0.00918175129749572,0.0434802371246876,0.0810936676832296,0.0409633341930216,0.0989967468267116,0.0909380890906993,0.101096765548023,8.16973995215147e-05,0.000984855057292117,3830218649.12553
"39",317.596958391576,0.000349852347449129,0.687572853147651,0.000890331423132313,0.000367198835529146,54.8222183677484,0.000338961841214965,1.05343689943705,0.000897212119604296,0.000370036636898945,318.286138627329,55.8772614777831,1699488007.04915,19265258.5433723,907202813.96365,374157092.764669,2886595674.92912,17807729.840685,1008265850.71047,415838458.202624,3000113172.32084,4328507713.68287,2.4497807742862,1.89901816895552,7.07282882496498,3.94241263722714,109.959444423425,25.0258968308102,0.0121824963268229,0.0128876767065901,0.00884462465381867,0.00922997368314864,0.0439101346958453,0.0818822248271772,0.0413811503158248,0.0998632517361738,0.0914284016816616,0.101613590458233,8.18919805308177e-05,0.000986544698069701,3942412637.22714
"40",319.76123641527,0.000333706504008063,0.65585291346433,0.000849254755144713,0.000350257610878893,55.532751802715,0.000321296906045938,0.996732027217543,0.000849442512874712,0.00035033504768279,320.418622547604,56.5310049043991,1707918034.547,19362784.8122097,911735047.260065,376026318.926468,2899459828.33389,17902292.2078634,1013007497.50711,417794052.644174,3015042185.54574,4348163670.69301,2.4497807742862,1.89901816895552,7.35374387935824,4.05280079419789,113.234837852138,25.8742594912326,0.0122954992953627,0.0130011318780782,0.00888903496837966,0.00927456235549091,0.0443201939514162,0.0826344033689025,0.0417772146735983,0.100683109169069,0.091885162661634,0.102091456246657,8.20678241545397e-05,0.000988040753191328,4052800794.19789
"41",321.942350276989,0.000318303405409086,0.625596243328796,0.000810070916867158,0.000334097044809619,56.2415301617656,0.000304520162291601,0.943090255950271,0.000804193405415389,0.000331672986414258,322.569408991685,57.1860608042699,1715771243.68389,19453635.9398391,915957133.419587,377767631.297344,2911347155.67739,17989827.1791206,1017391592.88822,419602182.377628,3028949644.34065,4366330758.12233,2.4497807742862,1.89901816895552,7.63675035829734,4.16141185855651,116.532196689265,26.732499809009,0.0124032885727998,0.0131085449212628,0.00893040634611767,0.00931578993231759,0.0447113273483443,0.0833518815309617,0.0421526181944673,0.101458839545166,0.0923106668414995,0.102533287805539,8.22267325963553e-05,0.000989365533804357,4161411858.55651
"42",324.140462787879,0.000303609120106943,0.596735301912653,0.00077269287183522,0.00031868124092639,56.9487785422832,0.000288590927497841,0.892344909713172,0.000761334518077558,0.000313996722144983,324.738593073024,57.842487374164,1723087097.92117,19538268.1409535,919890283.683571,379389778.016388,2922331942.08931,18070848.5973125,1021444991.71011,421273923.134677,3041905427.76208,4383121705.53138,2.4497807742862,1.89901816895552,7.92186299107016,4.26827412351316,119.851709139584,27.6006380346376,0.012506104411735,0.0132102348147784,0.00896894661049822,0.00935390870509224,0.0450844056318407,0.0840362599883987,0.042508402111528,0.102192825874092,0.0927070519019015,0.102941791582158,8.23703343699408e-05,0.000990538747898779,4268274123.51316
"43",326.355734872888,0.000289591240025385,0.569205671422692,0.000737037571559146,0.00030397594759219,57.6547125821808,0.000273469771528903,0.844338516812461,0.00072074206998793,0.000297255204006321,326.926271149069,58.5003425660387,1729902361.80714,19617106.5400122,923554260.462482,380900909.682267,2932482811.74344,18145833.9652731,1025192548.357,422819525.593566,3053974638.4919,4398640719.65926,2.4497807742862,1.89901816895552,8.2090966220158,4.37341544353344,123.193564389815,28.4786952951822,0.0126041760200613,0.0133065040298855,0.0090048493902089,0.00938915217209858,0.0454402597661595,0.0846890655643387,0.0428455596437147,0.102887321628305,0.0930763095095041,0.103319472415113,8.2500101757194e-05,0.000991577822995101,4373415443.53344
"44",328.588325718421,0.000276218819512512,0.542945910943168,0.000703025768290723,0.000289948480707474,58.359538995159,0.000259118730279387,0.798922281791881,0.000682298340671927,0.000281399880616105,329.132540822432,59.1596840939024,1736251287.51116,19690547.3018916,926967477.173809,382308620.529311,2941863165.83275,18215226.8183123,1028657264.34198,424248476.254036,3065217932.51617,4412984133.24705,2.4497807742862,1.89901816895552,8.49846621127823,4.47686324074319,126.557952621443,29.3666935906085,0.0126977220706777,0.0133976393624229,0.00903829509812074,0.00942173644969058,0.0457796827368262,0.0853117546674214,0.043165037590218,0.103544457941176,0.0934202953787128,0.103668648409622,8.26173660065154e-05,0.000992498179485759,4476863240.74319
"45",330.838392910401,0.000263462310217958,0.51789741999691,0.00067058184495481,0.000276567653568933,59.0634560616872,0.000245501277897039,0.755955601590738,0.000645891424592098,0.000266384598843068,331.357500942206,59.8205694405791,1742165783.98435,19758959.5680519,930147088.846197,383619985.795325,2950531574.61305,18279438.9734252,1031860422.47877,425569552.773731,3075691818.19392,4426240988.83895,2.4497807742862,1.89901816895552,8.78998683555866,4.57864451117808,129.945065023416,30.2646557902765,0.0127869511777177,0.0134839126991734,0.00906945181877745,0.00945186152806154,0.0461034312423199,0.0859057165024345,0.0434677380284336,0.104166250231374,0.0937407384028086,0.103991464459433,8.2723330539167e-05,0.00099331345675405,4578644511.17808
"46",333.10609256666,0.000251293498627738,0.494004307864798,0.000639633653204845,0.000263803710078835,59.7666540944078,0.00023258225736052,0.715305607225881,0.000611415036486413,0.000252165523522645,333.601251605386,60.4830558644509,1747675575.26197,19822687.2694746,933109076.925011,384841596.697886,2958542141.717,18338852.648864,1034821712.04451,426790875.588979,3085448936.15435,4438493581.99932,2.4497807742862,1.89901816895552,9.08367368887478,4.67878583096577,133.355093804879,31.1726056295264,0.0128720623530165,0.0135655817492221,0.00909847613898212,0.00947971243996388,0.0464122273180538,0.0864722761467331,0.0437545200196583,0.104754604495289,0.0940392492007006,0.10428990486079,8.28190829647803e-05,0.000994035714353407,4678785830.96577
"47",335.391579465059,0.000239685448263064,0.471213267301647,0.00061011235524001,0.000251628259505767,60.4693158839423,0.000220327885162408,0.676846725072107,0.000578768266524667,0.000238701036476276,335.863894158423,61.1472004062025,1752808350.57851,19882050.847144,935868329.713261,385979593.610554,2965944847.67869,18393822.4932595,1037559347.2983,427919956.795341,3094538324.74947,4449817974.26556,2.4497807742862,1.89901816895552,9.3795420833299,4.77731336247577,136.788232207989,32.0905677063354,0.0129532454478454,0.0136428907561146,0.00912551393562875,0.00950546036641296,0.0467067599086167,0.0870126975246125,0.0440262012788498,0.105311323347294,0.0943173282238058,0.104565805256808,8.29056062475883e-05,0.000994675616844809,4777313362.47577
"48",337.695007166176,0.000228612444338055,0.449473453790729,0.00058195227112092,0.000240014213513148,61.1716171200576,0.000208705779637918,0.64046026278158,0.000547855299669139,0.000225951620767498,338.145531198895,61.8130598955392,1757589904.94143,19937348.8648741,938438717.727563,387039697.141877,2972785868.74908,18444677.49372,1040090177.88209,428963745.680182,3103005668.67574,4460284469.80504,2.4497807742862,1.89901816895552,9.67760744988986,4.87425286040776,140.244674520779,33.0185674780674,0.0130306815761115,0.0137160711845266,0.00915070111396063,0.00952926367338238,0.0469876863763295,0.0875281862529994,0.0442835598250827,0.105838111740448,0.0945763733504656,0.104820863763728,8.29837888949866e-05,0.00099524259959262,4874252860.40776
"49",340.016528129715,0.000218049938986213,0.428736371183695,0.000555090734409631,0.000228935726620921,61.8737267850118,0.000197684927648567,0.606034022984189,0.000518585171209943,0.000213879759877547,340.446266577298,62.4806909578547,1762044269.04275,19988859.5017743,940833163.370785,388027236.870437,2979107868.18968,18491722.7577339,1042429790.32042,429928670.584127,3110893528.78574,4469958051.85193,2.4497807742862,1.89901816895552,9.97788533916466,4.96962967778911,143.724616090005,33.9566312583354,0.01310454351582,0.0137853423700634,0.0091741642901794,0.00955126886595167,0.0472556339357629,0.0880198923381949,0.0445273356316958,0.10633658232152,0.0948176869075928,0.105056651200119,8.30544340566782e-05,0.000995745012482467,4969629677.78911
"50",342.356293825184,0.000207974498822896,0.408955763196012,0.000529467955429963,0.000218368139810098,62.5758075220355,0.000187235628256179,0.573461941781844,0.000490871555902942,0.000202449850739632,342.766205398973,63.1501500208521,1766193829.46518,20036841.9345711,943063705.421813,388947177.94233,2984950263.02586,18535241.1795988,1044592601.53498,430820677.469229,3118241554.76389,4478898783.20964,2.4497807742862,1.89901816895552,10.2803914221953,5.06346877188405,147.228253333992,34.9047862139741,0.0131749960903921,0.0138509121331902,0.00919602142317692,0.00957161146405338,0.0475112010184119,0.0884889127357092,0.044758232247118,0.106808260457049,0.0950424821699866,0.105274620511328,8.31182676584341e-05,0.000996190244353759,5063468771.88405
"51",344.714454837753,0.000198363755960353,0.390087509818616,0.000505026890271509,0.000208287926496159,63.2780159834446,0.000177329467959261,0.542643747550301,0.00046463255315024,0.00019162811514106,345.105454026144,63.8214933211311,1770059440.83868,20081537.6279352,945141559.216154,389804145.891409,2990349470.91617,18575494.9966008,1046591945.6167,431645265.706321,3125086683.57417,4487162177.23576,2.4497807742862,1.89901816895552,10.5851414912472,5.15579471003099,150.755783755506,35.8630603621098,0.0132421965330678,0.0139129773650686,0.00921638240405901,0.00959041681503241,0.0477549585778111,0.088936293795101,0.0449769183624703,0.10725458898925,0.0952518894253661,0.105476115514418,8.31759457746502e-05,0.00099658483323854,5155794710.03099
"52",347.091160969707,0.000189196361084888,0.37208952824941,0.000481713115152708,0.000198672640712699,63.9805031603233,0.000167939304257838,0.513484638139831,0.000439790467496718,0.000181382509193562,347.464120080073,64.494776910744,1773660530.79978,20123171.5426549,947077172.975303,390602449.871171,2995339139.40356,18612727.243772,1048440154.56262,432407521.373284,3131463325.18891,4494799542.58321,2.4497807742862,1.89901816895552,10.8921514606107,5.24663167541383,154.307405954658,36.8314825673241,0.0133062948358019,0.0139717245886234,0.00923534960800356,0.00960780085198466,0.0479874513405048,0.0893630335990896,0.045184029338076,0.107676932746196,0.0954469616512765,0.105662379034877,8.32280613492076e-05,0.000996934565147414,5246631675.41383
"53",349.486561337433,0.000180451937677102,0.354921678397503,0.00045947470651194,0.000189500867657467,64.6834146937122,0.00015903922485215,0.485894976540143,0.00041627160289147,0.000171682638480663,349.842312443342,65.1700566637185,1777015197.87339,20161953.2634107,948880280.355292,391346104.327324,2999950357.82557,18647163.1195391,1050148633.2476,433112148.175562,3137403535.81941,4501858302.36824,2.4497807742862,1.89901816895552,11.2014373674086,5.33600347276219,157.883319641832,37.8100825389146,0.0133674340824447,0.0140273304932585,0.00925301840907236,0.00962387079791839,0.0482091990024596,0.0897700841956066,0.0453801686994049,0.108076582803934,0.0956286798109595,0.105834560462305,8.32751502858154e-05,0.000997244561729573,5336003472.76219
"54",351.900804463971,0.000172111038133694,0.338545672937382,0.00043826212669962,0.000180752176548431,65.3868911675891,0.000150604497782229,0.459790004702363,0.000394006071050264,0.000162499679020731,352.240141262249,65.8473882825392,1780140302.45475,20198078.0479384,950559949.305566,392038849.148624,3004211852.40881,18679011.2636647,1051727928.78417,433763496.052226,3142937178.95687,4508382288.50883,2.4497807742862,1.89901816895552,11.5130153724094,5.42393353397569,161.483725650642,38.7988908282563,0.0134257507662097,0.0140799624423077,0.00926947765885216,0.00963872581593781,0.0484206973703836,0.0901583537231887,0.0455659095896317,0.108454760503479,0.0957979577773792,0.10599372274054,8.33176969325104e-05,0.000997519357162018,5423933533.97569
"55",354.33403836739,0.000164155102298722,0.322924991641604,0.000418028114862161,0.000172407075621117,66.0910683850242,0.000142611533805196,0.435089574128125,0.000372927605121446,0.00015380630041732,354.657717949324,66.5268273045916,1783051551.42516,20231727.8031696,952124627.515456,392684168.41033,3008150166.05955,18708464.9436122,1053187794.58325,434365587.596479,3148092075.15411,4514412013.18286,2.4497807742862,1.89901816895552,11.8269017608481,5.51044492367362,165.108825950897,39.7979388262622,0.0134813750923066,0.0141297789548623,0.00928481013169032,0.00965245761015661,0.048622419450575,0.0905287084359619,0.0457417961671341,0.108812621240524,0.0959556469133413,0.106140848823732,8.33561390241817e-05,0.000997762965677597,5510444923.67362
"56",356.786410645321,0.000156566417847513,0.308024799667104,0.000398727582771871,0.0001644469691658,66.7960776290913,0.000135037852899801,0.411717891654097,0.000352973379089369,0.000145576591375842,357.095155185957,67.2084291085687,1785763577.01795,20263071.9953674,953582184.777856,393285307.846235,3011789824.53387,18735703.1562091,1054537249.64624,434922142.509464,3152894141.63741,4519984919.84575,2.4497807742862,1.89901816895552,12.1431129432528,5.59556034467323,168.758823661602,40.8072587609405,0.0135344312668347,0.0141769301641542,0.00929909293975173,0.00966515098293155,0.0488148164892718,0.0908819746357695,0.0459083449528059,0.109151258048218,0.0961025403409295,0.106276847651835,8.33908721553369e-05,0.00099797894136087,5595560344.67323
"57",359.258068555853,0.000149328082076827,0.293811869585827,0.000380317515391931,0.000156854116517576,67.5020459095485,0.000127862042543008,0.389603279424147,0.000334083836827689,0.00013778598920012,359.552566925152,67.8922489208412,1788290010.37334,20292268.4995036,954939952.508708,393845291.14766,3015153490.13821,18760891.6574627,1055784633.58459,435436600.291947,3157367522.52921,4525135615.67217,2.4497807742862,1.89901816895552,12.4616654562784,5.67930214339808,172.433923063987,41.8268836950467,0.0135850377726627,0.0142215582537071,0.00931239792019435,0.00967688435172832,0.0489983189671305,0.0912189405163121,0.0460660461335222,0.109471704985954,0.0962393769242997,0.106402559695505,8.34222538335571e-05,0.000998170431249436,5679302143.39808
"58",361.749159094917,0.000142423965299508,0.28025450703604,0.000362756875906312,0.000149611592887914,68.2090961958937,0.000121063712886059,0.368677948441993,0.000316202529402953,0.000130411212691613,362.030068394386,68.5783418217907,1790643550.07353,20319464.3911504,956204760.577361,394366935.153375,3018262103.7088,18784183.9249949,1056937657.6257,435912141.280655,3161534710.19542,4529896086.54012,2.4497807742862,1.89901816895552,12.7825759635474,5.76169231521595,176.134329614563,42.8568475238321,0.0136333076327085,0.01426379787183,0.00932479199598967,0.00968773022767715,0.049173337549087,0.0915403579221614,0.04621536481854,0.109774940341877,0.0963668449814652,0.106518762096508,8.34506071458799e-05,0.000998340222317951,5761692315.21595
"59",364.259829070292,0.000135838676004238,0.267322479857041,0.000346006515030652,0.000142703251961794,68.9173476374562,0.00011462345674457,0.348877785036508,0.000299275958311344,0.000123430197495639,364.527776098592,69.2667627521052,1792836025.94944,20344796.6839873,957382971.600012,394852863.993226,3021135015.63329,18805722.0515743,1058003451.77014,436351706.097289,3165416658.22666,4534295895.55226,2.4497807742862,1.89901816895552,13.1058612564978,5.84275250970586,179.860249958214,43.8971849728877,0.0136793486610658,0.0143037765251153,0.00933633751190803,0.00969775565829528,0.0493402639909861,0.0918469440258117,0.0463567422444719,0.110061889657698,0.0964855857404076,0.106626173420248,8.34762240691443e-05,0.000998490782916135,5842752509.70586
"60",366.790225172416,0.000129557527573851,0.254986950530074,0.000330029084493557,0.000136113690214857,69.62691577136,0.000108522811965902,0.330142149403988,0.000283253425733825,0.000116822034342199,367.045807823247,69.957566519036,1794878458.4975,20368393.016759,958480512.876902,395305522.259966,3023790106.80744,18825637.573294,1058988608.37989,436758013.625603,3169032886.65112,4538362366.3862,2.4497807742862,1.89901816895552,13.4315382552371,5.92250403585501,183.611891941306,44.9479315960826,0.0137232637025634,0.0143416149519227,0.00934709254743158,0.009707022637207,0.0494994720050559,0.0921393829268757,0.0464905969305892,0.110333428586704,0.0965961965577256,0.106725458048612,8.34993684598303e-05,0.000998624299346843,5922504035.85501
"61",369.340494042167,0.000123566506373952,0.243220411747774,0.000314788954499159,0.000129828212872535,70.3379127191779,0.000102744221846177,0.312413685414117,0.000268086892834274,0.000110566910603966,369.584282637588,70.6508078026173,1796781114.23996,20390372.2935961,959502906.153394,395727187.283604,3026243900.39097,18844052.2403563,1059899222.54252,437133577.658777,3172401579.97055,4542120752.8326,2.4497807742862,1.89901816895552,13.7596240094043,6.00096786718665,187.389464624844,46.0091237735978,0.0137651508613663,0.0143774274769709,0.00935711120833672,0.00971558848344187,0.0496513180863777,0.0924183271775674,0.0466173257878513,0.110590385595688,0.0966992339179729,0.1068172302479,8.35202787577295e-05,0.000998742708234446,6000967867.18665
"62",371.910782335782,0.000117852241230789,0.231996624962857,0.000300252134922785,0.000123832801408832,71.0504473729402,9.72709952172759e-05,0.295638141013516,0.000253730844748114,0.000104646054613629,372.143320897922,71.3465411618483,1798553557.30959,20410845.2809068,960455295.355283,396119980.570258,3028511665.06996,18861078.735168,1060740929.46392,437480722.321275,3175539678.51604,4545594395.59029,2.4497807742862,1.89901816895552,14.0901356990383,6.07816464681965,191.193178297654,47.0807987100518,0.0138051037191344,0.0144113223480236,0.00936644389842449,0.00972350619254179,0.0497961423020906,0.0926843992379636,0.0467373051820468,0.110833544519664,0.096795216228838,0.10690205793728,8.35391704315015e-05,0.00099884772518955,6078164646.81965
"63",374.501236787027,0.000112401974304243,0.221290561786613,0.000286386200061185,0.00011811408251111,71.7646255710708,9.208726887151e-05,0.279764198654626,0.000240142161145544,9.90416822803655e-05,374.723044251069,72.0448210408377,1800204697.50936,20429915.1636224,961342472.43117,396485878.460314,3030607510.45772,18876821.338919,1061518939.06571,437801596.337833,3178462963.56446,4548804867.20015,2.4497807742862,1.89901816895552,14.4230906354537,6.15411469246014,195.023244489598,48.1629944327205,0.0138432115431785,0.0144434020554334,0.0093751375727153,0.00973082476156927,0.0499342690448178,0.0929381928640592,0.046850891950528,0.111063646976966,0.0968846264255531,0.106980466175537,8.35562381897825e-05,0.000998940870176983,6154114692.46014
"64",377.112004266746,0.000107203533252915,0.211078348109118,0.000273160216824314,0.000112659298464265,72.4805502648129,8.71779715680213e-05,0.264743315187008,0.000227279992916143,9.37369462309516e-05,377.323575637903,72.7457017749106,1801742835.09072,20447678.0635625,962168901.431989,396826722.059521,3032544475.25257,18891376.5494214,1062238067.98649,438098186.231715,3181186136.64579,4551772106.02016,2.4497807742862,1.89901816895552,14.7585062621237,6.22883800132561,198.879875984834,49.2557497898489,0.0138795594850469,0.0144737636352437,0.00938323597337786,0.00973758948994237,0.0500660077518289,0.0931802744315997,0.0469584243737736,0.111281394652165,0.0969679143976418,0.107052940386175,8.35716579800174e-05,0.000999023489957675,6228838001.32561
"65",379.743231839939,0.000102245304617857,0.201337210811152,0.000260544676231158,0.000107456278897596,73.1983216757024,8.2528788489766e-05,0.250529570653219,0.000215105645415302,8.87158876571584e-05,379.945039297009,73.4492375966772,1803175702.43705,20464223.5221307,962938740.928863,397144226.484786,3034334608.57179,18904833.6549239,1062902769.16806,438372328.526937,3183722893.37283,4554514539.92167,2.4497807742862,1.89901816895552,15.0964001555707,6.30235425500219,202.763286835102,50.359104449055,0.0139142287699854,0.0145024989566469,0.0093907798493735,0.00974384225746511,0.0501916535915056,0.0934111841987324,0.0470602231038871,0.111487451454364,0.0970454992482036,0.107119929339131,8.358558879295e-05,0.000999096777897673,6302354255.00219
"66",382.395066820461,9.75162083822198e-05,0.192045426942612,0.000248511428032316,0.000102493413821237,73.9180374446237,7.81261262442494e-05,0.237079525456885,0.000203582467496957,8.39633905495927e-05,382.587560768453,74.1554826420649,1804510502.90836,20479634.9502275,963655864.905733,397439989.480896,3035989045.1364,18917275.266764,1063517159.24107,438625721.042927,3186085992.24521,4557049200.68714,2.4497807742862,1.89901816895552,15.4367900262633,6.37468282423573,206.673692373055,51.4730988958251,0.0139472968777051,0.0145296949946419,0.00939780716115747,0.00974962178168374,0.050311488118612,0.0936314375104067,0.0471565920513134,0.111682445558015,0.0971177713994841,0.107181847910723,8.35981742945962e-05,0.000999161791514083,6374682824.23573
"67",385.06765682349,9.30056736820144e-05,0.183182275252122,0.00023703361830234,9.77596278874057e-05,74.6397927729249,7.39570795133387e-05,0.224352085424423,0.00019267574559104,7.94651380121237e-05,385.251266897661,74.8644909563124,1805753947.03448,20493990.0475329,964323882.227178,397715499.449628,3037518074.75027,18928777.8136525,1064085043.86603,438859933.345876,3188287318.75882,4559391829.7758,2.4497807742862,1.89901816895552,15.7796937195215,6.44584277365739,210.611309225628,52.5977744320995,0.0139788377148575,0.0145554340886388,0.00940435327142185,0.00975496385603848,0.0504257798997558,0.0938415259472286,0.0472478192306754,0.111866971332791,0.0971850945548528,0.107239079637522,8.36095443018672e-05,0.000999219468014155,6445842773.65739
"68",387.761149815848,8.87036156028664e-05,0.174727989960046,0.000226085629882114,9.32443558270867e-05,75.3636805560375,7.00093991200525e-05,0.212308374317214,0.000182352602910788,7.52075706920201e-05,387.936285839408,75.5763164999274,1806912286.23347,20507361.1931814,964946154.776102,397972142.930257,3038931206.49414,18939411.9999712,1064609941.17292,439076416.415948,3190337945.13301,4561556976.08295,2.4497807742862,1.89901816895552,16.1251292164289,6.51585286644424,214.576355327444,53.7331731749489,0.0140089217795879,0.0145797941876543,0.00941045112280844,0.00975990157019035,0.0505347851103527,0.0940419184212925,0.047334177567124,0.112041591168496,0.0972478075267294,0.107291979078614,8.36198161164276e-05,0.000999270638050698,6515852866.44424
"69",390.475694164291,8.46004130060414e-05,0.166663716671233,0.000215643025553609,8.89375190136352e-05,76.0897915100206,6.62714609864501e-05,0.200911613373643,0.000172581903917026,7.11778473782085e-05,390.642747061919,76.2910131546065,1807991344.21969,20519815.8097263,965525814.349604,398211211.567916,3040237228.02277,18949243.2306243,1065095103.43759,439276511.587252,3192248185.94694,4563558086.2782,2.4497807742862,1.89901816895552,16.4731146347523,6.58473156891562,218.569049934268,54.8793380553398,0.0140376163185242,0.0146028490827344,0.00941613140345516,0.00976446551378968,0.0506387481043571,0.0942330622214241,0.0474159256648323,0.112206837200768,0.0973062259393589,0.10734087400016,8.3629095729998e-05,0.00099931603789122,6584731568.91562
"70",393.211438681865,8.06868873502891e-05,0.158971470327281,0.000205682493816734,8.4829503099557e-05,76.8182142914309,6.27322361411747e-05,0.190127007480457,0.000163334163649179,6.73638076067234e-05,393.370781351076,77.0086347291188,1808996546.26109,20531416.7022269,966065778.398592,398433908.60507,3041444260.34346,18958332.004917,1065543537.12922,439461458.816003,3194027649.96698,4565407588.29356,2.4497807742862,1.89901816895552,16.8236682298695,6.65249705506571,222.589613636497,56.0363128169897,0.0140649854765496,0.0146246686272608,0.00942142270121366,0.00976868396492848,0.0507379019579845,0.0944153840101859,0.0474933085390356,0.112363212943066,0.0973606438150584,0.107386067395787,8.36374789135485e-05,0.000999356320186224,6652497055.06571
"71",395.968532672418,7.69542824720748e-05,0.151634095102712,0.000196181797143493,8.09111366749998e-05,77.5490356108971,5.93812620756942e-05,0.179921637596331,0.000154581461474752,6.37539360884572e-05,396.120520814736,77.7292349651531,1809932946.43575,20542222.3741846,966568764.691684,398641354.929339,3042559808.43078,18966734.2816536,1065958021.45283,439632404.328004,3195685288.43096,4567116968.49324,2.4497807742862,1.89901816895552,17.1768083957034,6.71916721103308,226.638268372699,57.2041420153103,0.0140910904396938,0.0146453189457746,0.00942635164732768,0.00977258306445349,0.0508324689886015,0.0945892907748955,0.0475665583129223,0.112511194830146,0.0974113350520534,0.107427839355317,8.36450522017831e-05,0.000999392063503864,6719167211.03309
"72",398.747125973366,7.33942452751157e-05,0.144635226154636,0.000187119722599571,7.7173670902648e-05,78.28234034075,5.62086153272993e-05,0.17026435907516,0.000146297359129425,6.03373289064862e-05,398.892098887159,78.4528675431285,1810805253.02534,20552287.3219115,967037304.977205,398834594.708113,3043590807.99694,18974501.817452,1066341125.499,439790407.691678,3197229440.03257,4568696843.00504,2.4497807742862,1.89901816895552,17.5325536656652,6.78475963950789,230.715237443189,58.3828710164389,0.0141159895714555,0.0146648626318874,0.00943094305029575,0.0097761869772002,0.0509226612499047,0.0947551707347817,0.0476358948808016,0.112651233677881,0.0974585548013413,0.107466448793119,8.36518937830231e-05,0.000999423780774498,6784759639.5079
"73",401.547368996799,6.9998807286302e-05,0.137959253140106,0.000178476034729341,7.36087600861124e-05,79.0182116170408,5.32048850932066e-05,0.161125705558969,0.000138456822989588,5.71036614589827e-05,401.685650333541,79.1795860879693,1811617852.17161,20561662.3087858,967473757.71108,399014600.637904,3044543668.7069,18981682.4801865,1066695224.10361,439936448.359114,3198667872.82938,4570157023.64978,2.4497807742862,1.89901816895552,17.890922713604,6.84929166407725,234.820745523662,59.5725459963573,0.0141397385428582,0.014683358935817,0.00943522002058178,0.00977951804110609,0.051008681004452,0.0949133942062976,0.0477015265389833,0.112783756063976,0.0975025407494156,0.107502135046466,8.36580743034757e-05,0.000999451926768465,6849291664.07726
"74",404.369412768998,6.67603670451713e-05,0.13159128541923,0.000170231430600371,7.02084431289668e-05,79.7567309362583,5.03611479285116e-05,0.152477798129408,0.000131036150347431,5.40431580528952e-05,404.501311254658,79.909444174844,1812374829.91403,20570394.6207582,967880319.913991,399182278.834584,3045424314.10649,18988320.5393449,1067022512.5137,440071431.71469,3200007823.28337,4571506578.8742,2.4497807742862,1.89901816895552,18.2519343547651,6.91278033350954,238.955018678867,60.7732139400972,0.0141623904565227,0.0147008639420761,0.0094392040867946,0.00978259690509911,0.0510907211745634,0.0950643144285195,0.0477636505856943,0.112909165633921,0.0975435143132363,0.107535119353573,8.36636575940462e-05,0.000999476904716879,6912780333.50954
"75",407.213408968453,6.36716732925188e-05,0.125517118865665,0.000162367496907676,6.69651258432788e-05,80.4979782470391,4.76689436081706e-05,0.144294259423943,0.000124012899417592,5.11465630366342e-05,407.339219091614,80.6424953348691,1813079992.7195,20578528.3043871,968259038.217453,399338473.38912,3046238218.51484,18994456.9349503,1067325019.94877,440196194.668136,3201256032.63046,4572753890.06666,2.4497807742862,1.89901816895552,18.6156075467555,6.97524242597818,243.118284376324,61.9849226410326,0.0141839959650336,0.0147174307378247,0.00944291530392072,0.00978544265660797,0.0511689657725703,0.09520826835048,0.0478224538913334,0.113027844336263,0.0975816817534605,0.107565606220302,8.36687013271617e-05,0.000999499072174644,6975242425.97818
"76",410.079509962452,6.07258089197881e-05,0.119723204209795,0.000154866669044425,6.38715640691695e-05,81.24203203715,4.51202520746173e-05,0.136550132439536,0.000117365822909056,4.840511340317e-05,410.199512630703,81.3787930607779,1813736886.60794,20586104.388603,968611819.154516,399483970.61175,3046990441.11421,19000129.526596,1067604622.14065,440311510.82637,3202418780.7628,4573906703.6078,2.4497807742862,1.89901816895552,18.9819613905176,7.03669445322568,247.310771500103,63.2077207002576,0.0142046033838603,0.0147331095723662,0.00944637235415625,0.00978807293947688,0.0512435903113508,0.0953455773821948,0.0478781134403847,0.113140153591062,0.0976172352115439,0.107593784683945,8.36732576103752e-05,0.000999518746213778,7036694453.22569
"77",412.967868842308,5.7916175644303e-05,0.114196616843522,0.00014771219205008,6.09208475686769e-05,81.9889694160023,4.27074713763443e-05,0.129221803763103,0.000111074805034766,4.58105128109485e-05,413.082332008366,82.1183908125547,1814348814.96979,20593161.0913117,968940438.746775,399619502.985959,3047685657.45083,19005373.3240511,1067863052.929,440418095.275799,3203501917.79383,4574972178.97965,2.4497807742862,1.89901816895552,19.3510151313104,7.09715266466844,251.532710364641,64.4416575260495,0.0142242587990828,0.0147479480082376,0.00944959264084419,0.00979050406300125,0.051314762196045,0.0954765481110604,0.0479307968462717,0.113246435395189,0.0976503536759259,0.107619829481822,8.36773735228383e-05,0.000999536208024068,7097152664.66844
"78",415.878639457304,5.52364793801993e-05,0.108925028018996,0.000140888083349999,5.8106384658474e-05,82.7388661929453,4.04233965978944e-05,0.122286930983544,0.000105120801786848,4.33549069516378e-05,415.98781871627,82.8613420230342,1814918855.16483,20599734.0118694,969246551.435652,399745752.851993,3048328188.54297,19010220.700771,1068101914.98283,440516609.004215,3204510893.46434,4575956933.23075,2.4497807742862,1.89901816895552,19.7227881596992,7.15663305144305,255.784332728616,65.6867833334167,0.0142430061701604,0.0147619910643262,0.00945259237598678,0.00979275110274654,0.051382641097802,0.0956014729852203,0.0479806628403544,0.113347013367895,0.0976812038821287,0.107643902131805,8.36810916001132e-05,0.000999551706988661,7156633051.44306
"79",418.811976447401,5.26807162750847e-05,0.103896677376728,0.000134379097204672,5.54218875476896e-05,83.4917969515696,3.82611997878347e-05,0.115724374054126,9.94857842939329e-05,4.10308601890232e-05,418.916115606478,83.6077001034679,1815449873.98536,20605856.3103901,969531698.402695,399863355.8384,3048922027.77796,19014701.5915436,1068322689.71349,440607662.989177,3205450784.53684,4576867082.07213,2.4497807742862,1.89901816895552,20.0973000125529,7.21515135039482,260.065871808878,66.9431491437314,0.0142608874279702,0.0147752813514265,0.00945538666177171,0.00979482799376704,0.0514473793103727,0.0957206309654224,0.0480278617362394,0.113442193739898,0.0977099411512815,0.107666151931349,8.36844502722839e-05,0.000999565464294591,7215151350.39482
"80",421.768035274789,5.02431593816649e-05,0.0991003467415032,0.000128170690790903,5.28613583487904e-05,84.2478351202404,3.62144108308898e-05,0.1095141303869,9.41526851108493e-05,3.88313334072995e-05,421.867366896738,84.3575184490566,1815944542.0616,20611558.8747874,969797315.320678,399972904.058812,3049470865.76655,19018843.6754309,1068526746.43974,440691821.97797,3206326320.31588,4577708277.85966,2.4497807742862,1.89901816895552,20.4745703740492,7.27272304800895,264.377562294423,68.210806784445,0.0142779425683332,0.0147878592006296,0.00945798956652135,0.00979674761679655,0.05150912209033,0.0958342881468241,0.0480725358705607,0.113532266289072,0.0977367101712813,0.107686716881155,8.36874842598624e-05,0.000999577676131694,7272723048.00895
"81",424.74697225433,4.79183459355001e-05,0.0945253351273879,0.000122248991840412,5.04190757307914e-05,85.0070530390667,3.42768992058784e-05,0.10363727347321,8.91053473068441e-05,3.67496630135572e-05,424.841718175871,85.1108504444495,1816405347.28176,20616870.4763879,970044739.574505,400074949.090051,3049978113.31024,19022672.5450953,1068715350.8615,440769607.982423,3207141906.4227,4578485744.69922,2.4497807742862,1.89901816895552,20.8546190766887,7.32936338428531,268.719640360429,69.4898088888878,0.0142942097412341,0.0147997627849177,0.00946041419544691,0.0097985218779387,0.0515680079816627,0.0959426983521308,0.0481148200213455,0.113617505225631,0.0977616457245187,0.107705724539163,8.36902249315571e-05,0.000999588516527174,7329363384.28531
"82",427.748944582951,4.57010652125819e-05,0.0901614348958809,0.000116600767764464,4.80895821853438e-05,85.7695220235009,3.24428566091035e-05,0.0980758948362161,8.4328476210969e-05,3.47795410361624e-05,427.839316409261,85.8677494692109,1816834607.29342,20621817.9148895,970275216.987742,400170004.746358,3050446922.62305,19026211.8634984,1068889672.89348,440841503.509738,3207901646.94241,4579204310.88974,2.4497807742862,1.89901816895552,21.2374661023164,7.38508735655718,273.092343682351,70.7802088961509,0.0143097253359343,0.0148110282343161,0.0094626727565589,0.00980016178233798,0.0516241691254529,0.0960461036973921,0.0481548418050208,0.113698170029559,0.0977848733657821,0.107723292810025,8.36927006275485e-05,0.000999598139857189,7385087356.55719
"83",430.774110368035,4.35863469408565e-05,0.0859989090138821,0.000111213396196567,4.58676718776803e-05,86.5353124247528,3.07067804196292e-05,0.092813049132305,7.98075936746201e-05,3.2914996261284e-05,430.860309944463,86.6282689032555,1817234481.15052,20626426.1534084,970489908.089373,400258549.66398,3050880206.94461,19029483.508916,1069050793.90824,440907954.549723,3208609365.05728,4579868438.91146,2.4497807742862,1.89901816895552,21.6231315831514,7.43990972325485,277.495911450059,72.0820610510504,0.0143245240621652,0.0148216897449403,0.00946477662207253,0.00980167750229819,0.0516777315553172,0.0961447351317145,0.0481927220530748,0.113774506242872,0.0978065100538251,0.107739530675064,8.3694936951641e-05,0.000999606683073018,7439909723.25486
"84",433.822628654877,4.15694502403109e-05,0.0820284693606166,0.000106074836888511,4.37483790557134e-05,87.3044936871929,2.90634579631609e-05,0.0878327022284926,7.5528994723767e-05,3.1150376355e-05,433.904848516903,87.3924621322505,1817606980.16705,20630718.4443221,970689893.953617,400341029.709685,3051280658.67424,19032507.7091783,1069199713.4356,440969373.337847,3209268622.27468,4580482253.15684,2.4497807742862,1.89901816895552,22.0116358028258,7.49384500761454,281.930584382054,73.3954204041737,0.0143386390275822,0.0148317796822559,0.00946673638562986,0.00980307844029084,0.0517288154792619,0.0962388129520963,0.0482285751693538,0.113846746219165,0.0978266647399055,0.107754538867452,8.36969570353827e-05,0.000999614267675704,7493845007.61455
"85",436.894659453231,3.96458530691856e-05,0.0782412560350436,0.000101173604898088,4.17269669918668e-05,88.0771344029057,2.75079515594965e-05,0.0831196820930908,7.14797064877506e-05,2.94803309243265e-05,436.97308325569,88.1603825529877,1817953978.02169,20634716.4464236,970876181.636648,400417860.223025,3051650766.10985,19035303.1657631,1069337355.34968,441026140.906928,3209882736.32778,4581049565.53219,2.4497807742862,1.89901816895552,22.4029991974308,7.5469075013334,286.396604739724,74.7203428120068,0.0143521018116512,0.014841328678855,0.00946856191557253,0.00980437328714455,0.0517775355485708,0.0963285472945297,0.0482625094689485,0.113915109832748,0.0978454389157021,0.10776841049573,8.36987817764895e-05,0.000999621001463159,7546907501.33341
"86",439.990363763011,3.78112421516041e-05,0.074628817617488,9.64987450092464e-05,3.9798917433192e-05,88.8533023635502,2.60355842843132e-05,0.0786596323452801,6.76474492869262e-05,2.78997954686193e-05,440.065166689532,88.9320835787245,1818277220.1739,20638440.3340872,971049709.242787,400489428.105783,3051992828.92437,19037887.1686521,1069464573.59115,441078609.447197,3210454797.85656,4581573899.13134,2.4497807742862,1.89901816895552,22.797242356572,7.59911126817123,290.894216341672,76.0568849371425,0.0143649425361327,0.0148503657270376,0.00947026240458366,0.00980557007586522,0.0518240011143214,0.0964141386024672,0.0482946274995726,0.113979805149582,0.0978629271238875,0.107781231620514,8.37004300543818e-05,0.000999626980080074,7599111268.17123
"87",443.109903599183,3.60615033660566e-05,0.0711830923414144,9.20398073279473e-05,3.7959920536385e-05,89.6330646096733,2.46419264391685e-05,0.0744389683183186,6.40205997622325e-05,2.64039761731241e-05,443.181252752755,89.7076186444939,1818578332.63684,20641908.89897,971211350.644468,400556093.768623,3052308972.47023,19040275.7025998,1069582157.45813,441127104.488381,3210987685.9489,4582058510.11932,2.4497807742862,1.89901816895552,23.1943860244326,7.65047014749946,295.423664578101,77.4051042485693,0.0143771899323176,0.01485891826647,0.00947184641593755,0.00980667623139838,0.0518683164720916,0.096495778073693,0.0483250263462864,0.114041029062056,0.0978792174338091,0.107793081787705,8.37019189249723e-05,0.000999632288392274,7650470147.49947
"88",446.253442015892,3.43927125740802e-05,0.0678963901333059,8.77868239999999e-05,3.62058652655367e-05,90.4164874776127,2.33227827016958e-05,0.0704448354991533,6.0588155943429e-05,2.49883355020922e-05,446.321496791427,90.4870412123859,1818858830.15029,20645139.6447535,971361919.879385,400618192.944606,3052601160.99928,19042483.5454434,1069690836.49742,441171926.917016,3211484082.61904,4582506407.95913,2.4497807742862,1.89901816895552,23.5944511008455,7.70099775779823,299.985196425264,78.7650590220397,0.0143888714051662,0.0148670122671795,0.00947332192658617,0.00980769861663461,0.0519105810953995,0.0965736480865987,0.0483537979203922,0.114098967889583,0.0978943918846365,0.107804034521433,8.37032637966835e-05,0.000999637001705265,7700997757.79824
"89",449.421143129863,3.28011268689371e-05,0.0647613754805611,8.37302869996945e-05,3.45328302315124e-05,91.2036366441213,2.20741799175648e-05,0.0666650702148372,5.7339704161454e-05,2.36485785524641e-05,449.486055569587,91.2704047767987,1819120123.79408,20648148.8753921,971502175.24646,400676038.378485,3052871209.87824,19044524.3590315,1069791285.02561,441213354.841068,3211946486.29442,4582920374.10391,2.4497807742862,1.89901816895552,23.9974586423738,7.75070750010196,304.57906045997,80.1368083405183,0.0144000130944919,0.0148746723081306,0.00947469636729463,0.00980864357493357,0.0519508898583907,0.0966479226068091,0.0483810292332951,0.114153797946852,0.0979085268981545,0.107814157779697,8.37044785894725e-05,0.000999641186844354,7750707500.10196
"90",452.613172143115,3.12831762251637e-05,0.0617710510891795,7.98611269401285e-05,3.29370749527084e-05,91.9945771688347,2.08923555023317e-05,0.0630881624433272,5.42653877092224e-05,2.23806401286623e-05,452.675087275582,92.0577628696613,1819363528.08027,20650951.7773146,971632823.121314,400729921.400317,3053120796.87641,19046410.7733238,1069884126.30798,441251645.313457,3212377224.37921,4583302979.27113,2.4497807742862,1.89901816895552,24.4034298634,7.79961256139426,309.205506874166,81.5204120947092,0.0144106399333251,0.0148819216516164,0.00947597666002821,0.00980951696943068,0.0519893332482676,0.0967187675750674,0.0484068026560858,0.114205686081485,0.0979216936632891,0.107823514375517,8.37055758785061e-05,0.000999644903112152,7799612561.39426
"91",455.829695365022,2.98354555309944e-05,0.0589187422947783,7.61706928582237e-05,3.14150315177985e-05,92.7893735346991,1.97737464296735e-05,0.0597032206330021,5.13558771567757e-05,2.11806724996871e-05,455.888751528496,92.8491690656281,1819590267.56026,20653562.4959971,971754521.510683,400780113.391412,3053351472.59738,19048154.4641785,1069969936.42169,441287035.925329,3212778464.95836,4583656599.40855,2.4497807742862,1.89901816895552,24.8123861372237,7.84772591795271,313.864787489573,82.9159309836614,0.0144207757035878,0.0148887823136856,0.00947716925278145,0.00981032421937351,0.0520259975679282,0.0967863412772415,0.0484311961655619,0.114254790182757,0.0979339584943236,0.107832162366268,8.37065670239819e-05,0.000999648203137648,7847725917.95272
"92",459.070880233763,2.8454716986343e-05,0.0561980821921711,7.26507329297293e-05,2.99632966320352e-05,93.5880896864692,1.87149787801273e-05,0.0564999384216338,4.86023422349295e-05,2.00450338031065e-05,459.127209384701,93.6446769872456,1819801482.98024,20655994.2072951,971867883.363714,400826867.150007,3053564670.12021,19049766.2253,1070049247.82702,441319746.27894,3213152227.70125,4583983430.45145,2.4497807742862,1.89901816895552,25.224348997168,7.89506033864414,318.557155772398,84.323426515453,0.0144304430892023,0.0148952751308161,0.00947828015202503,0.00981107033371341,0.0520609651292664,0.0968507946972756,0.0484542835773725,0.114301259662936,0.0979453831646121,0.107840155413593,8.37074622884342e-05,0.000999651133629247,7895060338.64415
"93",462.336895337181,2.71378628496445e-05,0.0536029974503552,6.92933760716522e-05,2.85786240295515e-05,94.3907890673797,1.77128578213619e-05,0.053468563151587,4.59964252082081e-05,1.89702770632723e-05,462.390623344493,94.4443403100913,1819998237.01543,20658259.1838893,971973479.656659,400870418.163482,3053761713.90942,19051256.0347795,1070122552.66859,441349979.349191,3213500394.01946,4584285501.96195,2.4497807742862,1.89901816895552,25.6393401376951,7.94162838817107,323.282866848103,85.7429610079528,0.0144396637267521,0.0149014198230315,0.00947931495293225,0.00981175994215753,0.0520943144375593,0.0969122718538751,0.0484761347669421,0.114345235912722,0.0979560252174573,0.107847543116096,8.37082709427265e-05,0.00099965373604259,7941628388.17107
"94",465.627910433098,2.58819385176814e-05,0.0511276947812824,6.60911143914112e-05,2.72579172348758e-05,95.1975346540895,1.67643585940922e-05,0.0505998660837137,4.35302156597541e-05,1.7953139791876e-05,465.679157358849,95.2482127678872,1820181519.61213,20660368.8571807,972071842.266408,400910985.793491,3053943828.04899,19052633.11663,1070190305.82684,441377922.742141,3213824716.52921,4584564689.73457,2.4497807742862,1.89901816895552,26.0573814155302,7.98744243026988,328.042177516259,87.1745975896594,0.0144484582538072,0.0149072350536509,0.00948027886753653,0.00981239732387184,0.0521261203673534,0.0969709101216723,0.0484968158787965,0.114386852732192,0.0979659382557065,0.107854371316882,8.37090013618129e-05,0.00099965604717279,7987442430.26989
"95",468.944096469108,2.4684125923302e-05,0.0487666480322572,6.30367864438002e-05,2.59982226576125e-05,96.0083889899902,1.58666169809668e-05,0.047885114217771,4.11962266131105e-05,1.69905341398704e-05,468.992976836275,96.0563481575856,1820352252.96411,20662333.8749439,972163466.647312,400948774.379966,3054112143.85178,19053905.9976916,1070252927.73863,441403749.858305,3214126827.86634,4584822727.44638,2.4497807742862,1.89901816895552,26.4784948507947,8.03251463086147,332.835346265451,88.6184002006172,0.0144568463550223,0.0149127384858495,0.00948117675096132,0.00981298643401277,0.0521564543302378,0.0970268405375893,0.0485163895248858,0.114426236738551,0.0979751722115233,0.107860682387811,8.37096611112584e-05,0.000999658099679658,8032514630.86147
"96",472.28562560187,2.3541737236556e-05,0.0465145858731997,6.01235612586577e-05,2.47967230049831e-05,96.8234142169676,1.50169212353645e-05,0.045316043632243,3.89873719206409e-05,1.60795375717897e-05,472.332248649765,96.8688003444305,1820511296.14866,20664164.1550316,972248814.324809,400983974.269555,3054267706.89186,19055082.5602535,1070310807.00454,441427620.967971,3214408248.89805,4585061217.42459,2.4497807742862,1.89901816895552,26.9027026281483,8.07685696115474,337.662633288265,90.0744335934093,0.0144648468061092,0.0149179468361991,0.00948201312585501,0.00981353092825225,0.0521853844348786,0.0970801880930806,0.0485349149724668,0.114463507751967,0.0979837735976971,0.107866515492262,8.37102570254098e-05,0.000999659922553575,8076856961.15474
"97",475.652671215945,2.24522088553765e-05,0.0443664800513377,5.73449231038817e-05,2.36507309976461e-05,97.6426721056989,1.42127039467236e-05,0.042884834261222,3.68969448530044e-05,1.52173840354199e-05,475.697141143859,97.6856232669929,1820659449.44548,20665868.9354012,972328315.218398,401016762.77369,3054411483.50378,19056170.0907154,1070364302.79884,441449684.205169,3214670396.37296,4585281640.59847,2.4497807742862,1.89901816895552,27.3300270979399,8.12048120070386,342.524300496346,91.542763334226,0.0144724775157823,0.0149228759253502,0.00948279220515365,0.00981403418544797,0.0522129756396698,0.0971310720129048,0.0485524483220845,0.114498779160648,0.0979917857417526,0.107871906828019,8.37107952780245e-05,0.000999661541528755,8120481200.70386
"98",479.04540794219,2.14130956725979e-05,0.0423175341871647,5.46946569500288e-05,2.25576833748706e-05,98.4662240845639,1.34515344208787e-05,0.0405840860305203,3.49185978269093e-05,1.44014556009287e-05,479.087824141812,98.5068709421822,1820797458.36012,20667456.8207129,972402369.805609,401047305.061072,3054544366.78901,19057175.324583,1070413747.09728,441470076.486447,3214914590.04752,4585485365.69729,2.4497807742862,1.89901816895552,27.7604907773676,8.16339894041965,347.420611535528,93.0234558040097,0.0144797555657698,0.0149275407260051,0.00948351791328559,0.00981449932859858,0.0522392898983398,0.0971796060210481,0.0485690426761631,0.114532158266293,0.0979992490040373,0.107876889851781,8.37112814460824e-05,0.000999662979449833,8163398940.41965
"99",482.464011675737,2.04220656067191e-05,0.0403631730867087,5.21668346042549e-05,2.15151351757661e-05,99.2941312672447,1.27311114555229e-05,0.0384067962794427,3.30463232109099e-05,1.36292745446126e-05,482.504468952858,99.3325974702334,1820926017.37218,20668935.8257363,972471351.137848,401075754.989057,3054667182.1669,19058104.4880735,1070459446.73619,441488924.360122,3215142059.32482,4585673657.75125,2.4497807742862,1.89901816895552,28.1941163516482,8.20562158553579,352.351831801035,94.5165781996751,0.0144866972489803,0.0149319554083285,0.00948419390592479,0.00981492924421333,0.052264386298838,0.0972258985943898,0.0485847482986924,0.114563746610974,0.0980062009808779,0.107881495486682,8.37117205674375e-05,0.00099966425659706,8205621585.5358
"100",485.908659593588,1.94768943843582e-05,0.0384990325463081,4.97558014828363e-05,2.05207542838816e-05,100.126454479084,1.20492564912197e-05,0.0363463383986657,3.12744351523415e-05,1.28984958537905e-05,485.947248379584,100.16285703967,1821045773.42697,20670313.4157817,972535606.71824,401102255.878145,3054780692.50472,19058963.3365846,1070501685.31578,441506344.791254,3215353949.43914,4585847685.94831,2.4497807742862,1.89901816895552,28.6309266751955,8.2471603585305,357.318228452759,96.0221985354042,0.0144933181059088,0.0149361333829305,0.00948482358839183,0.00981532660021586,0.0522883211958106,0.097270053204676,0.0485996127664721,0.114593640286438,0.098012676693832,0.107885752314111,8.37121171929036e-05,0.000999665390974807,8247160358.5305
"101",489.379530171835,1.85754605628742e-05,0.0367209496271919,4.74561639929297e-05,1.95723162230727e-05,100.963254282269,1.14039071188242e-05,0.0343964416184642,2.95975523717855e-05,1.22069001307364e-05,489.416336725402,100.997703932248,1821157329.18839,20671596.5443617,972595460.250944,401126941.233441,3054885602.85883,19059757.1902642,1070540724.95944,441522445.887225,3215551327.21714,4586008530.89572,2.4497807742862,1.89901816895552,29.0709447728082,8.28802630200409,362.32007043062,97.5403856440165,0.0144996329593646,0.0149400873415514,0.00948541013279549,0.00981569386249343,0.0523111483369604,0.0973121685493396,0.0486136811123529,0.114621930226792,0.0980187087659839,0.107889686751005,8.37124754333119e-05,0.000999666398567519,8288026302.0041
"102",492.876803202539,1.77157407821739e-05,0.0350249533782106,4.52627774955729e-05,1.86676991930894e-05,101.804590999902,1.07931109255451e-05,0.0325511718851112,2.80105818741543e-05,1.15523868746512e-05,492.911909802134,101.837192527867,1821261246.06903,20672791.6882707,972651213.270625,401149935.416699,3054982564.85589,19060490.9668931,1070576807.93967,441537327.568338,3215735186.44462,4586157191.33076,2.4497807742862,1.89901816895552,29.5141938408665,8.32823028151333,367.357628469991,99.0712091784132,0.0145056559475969,0.0149438292955716,0.00948595649399999,0.00981603331019216,0.0523329189835724,0.0973523387716811,0.0486269959608916,0.114648702485455,0.0980243275861637,0.107893323213723,8.37127990020218e-05,0.000999667293566785,8328230281.51333
"103",496.400659810286,1.68958052352002e-05,0.03340725598606,4.31707348231986e-05,1.78048793338616e-05,102.650524739017,1.02150196623843e-05,0.0308049137666593,2.65087035278194e-05,1.0932968121643e-05,496.434144937691,102.681377309475,1821358047.05316,20673904.8802614,972703146.660472,401171354.272399,3055072180.7425,19061169.2122922,1070610158.18121,441551082.187732,3215906452.8663,4586294590.32371,2.4497807742862,1.89901816895552,29.9606972485391,8.36778298836271,372.431175117213,100.614739613096,0.0145114005558927,0.0149473706124603,0.00948646542450025,0.00981634704985636,0.0523536820254735,0.0973906536708997,0.0486395976568156,0.114674038497224,0.0980295614619349,0.107896684269523,8.37130912533295e-05,0.000999668088572852,8367782988.36271
"104",499.951282468432,1.61138133470692e-05,0.0318642443332986,4.11753553261532e-05,1.69819262079615e-05,103.501115412604,9.66788371643926e-06,0.029152353332504,2.50873554656336e-05,1.03467624236794e-05,499.98322098386,103.530312867938,1821448219.32742,20674941.739493,972751522.06675,401191305.711147,3055155007.12968,19061796.1284483,1070640982.65104,441563795.104667,3216065988.84481,4586421581.01381,2.4497807742862,1.89901816895552,30.4104785389985,8.40669494235372,377.540984745182,102.171048245758,0.0145168796467178,0.014950722050276,0.00948693948828313,0.00981663702850443,0.0523734840906837,0.0974271989024428,0.0486515243866735,0.114698015326263,0.098034436762153,0.107899790776652,8.37133552171852e-05,0.000999668794773572,8406694942.35372
"105",503.528855015069,1.53680096534182e-05,0.0303924719453652,3.9272174423918e-05,1.61969984912204e-05,104.356422760687,9.15004687497296e-06,0.0275884619541999,2.37422202648641e-05,9.79198914878575e-06,503.559318324196,104.384053906897,1821532216.72984,20675907.4998734,972796583.215652,401209890.252784,3055231558.44978,19062375.5994902,1070669472.64178,441575545.21384,3216214597.69815,4586538951.90486,2.4497807742862,1.89901816895552,30.8635614306466,8.44497649449228,382.687333569021,103.740207198953,0.0145221054884669,0.0149538937903197,0.00948738107373139,0.00981690504570185,0.0523923696500021,0.0974620561691207,0.0486628122940284,0.114720705900761,0.0980389780496784,0.107902662013687,8.37135936305252e-05,0.000999669422102923,8444976494.49228
"106",507.133562668718,1.46567198686348e-05,0.0289886513086724,3.74569336378178e-05,1.54483398619248e-05,105.216506370507,8.65994136255748e-06,0.0261084809777813,2.24692118647657e-05,9.26696308546835e-06,507.162618882019,105.242655247601,1821610462.03207,20676807.036467,972838557.140342,401227201.532459,3055302310.15276,19062911.2157152,1070695804.95852,441586405.434868,3216353027.74134,4586647431.76183,2.4497807742862,1.89901816895552,31.3199698183496,8.48263782965513,387.870499661828,105.322289421828,0.0145270897828875,0.0149568954680412,0.00948779240564772,0.00981715276472566,0.0524103811167616,0.0974953034034105,0.0486734955885332,0.114742179234989,0.0980432082050391,0.107905315799141,8.37138089655902e-05,0.000999669979381786,8482637829.65513
"107",510.765592043773,1.39783471353518e-05,0.0276496465426747,3.57255710830425e-05,1.47342750794469e-05,106.081425695864,8.19608313922749e-06,0.0247079072205825,2.12644631821949e-05,8.77008933502953e-06,510.793306128509,106.106171833721,1821683349.06555,20677644.8900949,972877655.324113,401243326.772093,3055367701.66083,19063406.2958052,1070720143.01598,441596443.16478,3216481976.05185,4586747694.13736,2.4497807742862,1.89901816895552,31.7797277746826,8.51968896921567,393.090762970515,106.917368691942,0.0145318436912393,0.0149597362022911,0.00948817555645659,0.00981738172288547,0.052427558941976,0.0975270149413567,0.0486836066492095,0.114762500639426,0.0980471485416384,0.107907768602042,8.3714003455513e-05,0.000999670474442915,8519688969.21567
"108",514.425131165714,1.33313684469115e-05,0.0263724664096034,3.40742123988511e-05,1.40532062435939e-05,106.951240075658,7.75706744675627e-06,0.023382479248096,2.01243143882373e-05,8.29985847650465e-06,514.45156509091,106.974658736146,1821751244.70231,20678425.2902499,972914074.765308,401258347.219591,3055428139.09915,19063863.9073656,1070742637.85265,441605720.696292,3216602091.97746,4586840361.55543,2.4497807742862,1.89901816895552,32.2428595511836,8.55613977362979,398.348405331719,108.525519617144,0.0145363778592459,0.0149624246230069,0.00948853245663965,0.0098175933410637,0.0524439417050898,0.0975572616884548,0.0486931761222337,0.114781731919592,0.0980508189130782,0.107910035644132,8.37141791174347e-05,0.000999670914241864,8556139773.62979
"109",518.112369486092,1.27143312348304e-05,0.0251542576463103,3.24991620968134e-05,1.34036092263694e-05,107.826008751664,7.3415645897545e-06,0.0221281643888164,1.90453018111593e-05,7.85484198991317e-06,518.13758236084,107.848171157761,1821814490.70011,20679152.1764396,972947998.969265,401272338.557947,3055483997.81929,19064286.8859117,1070763429.06809,441614295.604351,3216713980.40377,4586926009.37761,2.4497807742862,1.89901816895552,32.7093895796177,8.5919999449823,403.64371048781,110.146817637533,0.0145407024408963,0.0149649688974168,0.00948886490445594,0.00981778893253249,0.052459566200536,0.0975861112778878,0.0487022330135204,0.114799931564207,0.0980542378131284,0.10791213099433,8.37143377733863e-05,0.000999671304955412,8591999944.9823
"110",521.827497897323,1.21258501136652e-05,0.0239922986033784,3.09968953078546e-05,1.27840302682112e-05,108.705790885604,6.94831593906742e-06,0.0209411464472971,1.80241474324362e-05,7.43368792411209e-06,521.851546102702,108.726764438203,1821873405.42125,20679829.2180652,972979598.872302,401285371.286318,3055535624.73124,19064677.8524185,1070782645.68905,441622221.103394,3216818204.79793,4587005169.37608,2.4497807742862,1.89901816895552,33.1793424732509,8.62727902949444,408.976964102976,111.781339027486,0.0145448271211473,0.0149673767548401,0.00948917457499618,0.00981796971110234,0.052474467520293,0.0976136282214674,0.0487108047763788,0.114817154923242,0.0980574224688454,0.107914067656026,8.37144810691502e-05,0.000999671652068905,8627279029.49445
"111",525.570708747283,1.156460377606e-05,0.0228839931773454,2.95640499097319e-05,1.21930827311324e-05,109.590645575531,6.57613014624716e-06,0.0198178140777959,1.70577489440326e-05,7.03511679612643e-06,525.593646062197,109.610494058604,1821928285.43371,20680459.8329386,973009033.702447,401297511.075022,3055583340.45862,19065039.2295455,1070800406.97024,441629546.377556,3216915290.04412,4587078333.03593,2.4497807742862,1.89901816895552,33.6527430281335,8.66198641999306,414.348453779397,113.429160897755,0.0145487611375794,0.0149696555101601,0.00948946302861725,0.00981813679865396,0.0524886791326268,0.0976398740536172,0.0487189173944997,0.114833454376405,0.0980603889273181,0.107915857647774,8.37146104913001e-05,0.000999671960453783,8661986419.99306
"112",529.342195853731,1.10293320310792e-05,0.0218268650225339,2.81974190174297e-05,1.16294440015388e-05,110.480631871565,6.2238795583544e-06,0.0187547497829242,1.61431703370156e-05,6.65791770961659e-06,529.364073574948,110.499415646315,1821979407.00291,20681047.2045303,973036451.78127,401308819.096231,3055627441.33075,19065373.2566358,1070816823.13431,441636316.8859,3217005725.08494,4587145954.60756,2.4497807742862,1.89901816895552,34.1296162243942,8.69613135834193,419.758469073511,115.090361197643,0.0145525133010524,0.0149718120860389,0.00948973171879946,0.00981829123210034,0.0525022329571939,0.0976649074687165,0.0487265954605223,0.114848879492581,0.0980631521364764,0.107917512077875,8.37147273825952e-05,0.000999672234436408,8696131358.34193
"113",533.142154518569,1.05188329792263e-05,0.020818552029609,2.68939438197719e-05,1.10918525358381e-05,111.375808791036,5.89049682250118e-06,0.0177487195036376,1.52776329933993e-05,6.30094468089349e-06,533.163021575227,111.393584979614,1822027027.4813,20681594.298036,973061991.270817,401319352.332033,3055668201.22376,19065682.0035829,1070831996.05594,441642574.644538,3217089965.38219,4587208453.92779,2.4497807742862,1.89901816895552,34.6099872275433,8.72972293783587,425.207301512362,116.765018717242,0.0145560920154085,0.0149738530339436,0.00948998199946603,0.00981843396982177,0.0525151594366723,0.0976887844521135,0.0487338622504125,0.114863477180708,0.0980657260203677,0.107919041213314,8.37148329558871e-05,0.000999672477859161,8729722937.83587
"114",536.970781541952,1.0031960317855e-05,0.019856801058574,2.56507067463144e-05,1.05791050422653e-05,112.276235333034,5.57497167013729e-06,0.0167966627687291,1.44585072544833e-05,5.96311316145357e-06,536.990684604783,112.293057992395,1822071386.60287,20682103.8753408,973085780.86939,401329163.861388,3055705873.26205,19065967.3836482,1070846019.89406,441648358.48738,3217168435.20899,4587266219.02711,2.4497807742862,1.89901816895552,35.0938813897868,8.76277010555803,430.695244610043,118.453213089751,0.0145595052962664,0.0149757845540445,0.00949021513180107,0.00981856589761337,0.0525274876050819,0.0977115584050968,0.0487407397938767,0.11487729183255,0.0980681235492783,0.107920454543481,8.37149283066825e-05,0.000999672694134675,8762770105.55803
"115",540.828275236264,9.56762077097888e-06,0.0189394629144844,2.44649249493057e-05,1.00900537926515e-05,113.181970492427,5.27634787179808e-06,0.015895683373703,1.36833044401872e-05,5.64339674651789e-06,540.847258821778,113.19789077885,1822112707.68908,20682578.5089581,973107940.459676,401338303.127438,3055740691.39081,19066231.1653095,1070858981.67621,441653704.307137,3217241529.78516,4587319608.53944,2.4497807742862,1.89901816895552,35.5813242513501,8.79528166470093,436.222593884228,120.155024793857,0.0145627607889476,0.0149776125140488,0.00949043229060087,0.00981868783418217,0.0525392451529466,0.0977332802641056,0.0487472489410186,0.114890365457804,0.0980703568050514,0.10792176083906,8.37150144244907e-05,0.000999672886293975,8795281664.70094
"116",544.714835439957,9.12477163775122e-06,0.0180644875546972,2.33339440862014e-05,9.62360405815087e-06,114.09307327335,4.99372035345201e-06,0.0150430405605372,1.29496692952889e-05,5.34082405963891e-06,544.732942009831,114.108139598124,1822151198.77225,20683020.5950124,973128581.712499,401346816.186512,3055772871.82936,19066474.983214,1070870961.83861,441658645.278069,3217309617.26627,4587368953.92922,2.4497807742862,1.89901816895552,36.0723415418121,8.82726627685187,441.7896468728,121.870535156191,0.0145658657855754,0.0149793424670243,0.0094906345701902,0.00981880053622797,0.0525504584894435,0.097753998614443,0.0487534094254404,0.114902737811957,0.0980724370419349,0.107922968206457,8.3715092203075e-05,0.000999673057029215,8827266276.85188
"117",548.630663531281,8.70241845415006e-06,0.0172299195169909,2.22552323888948e-05,9.1787116632165e-06,115.009602702216,4.72623246591467e-06,0.0142361406713773,1.22553728398585e-05,5.05447580400943e-06,548.64793358716,115.023860878969,1822187053.64205,20683432.3653332,973147808.649243,401354745.940084,3055802614.41436,19066700.3483034,1070882034.72536,441663212.061871,3217373040.59671,4587414561.54986,2.4497807742862,1.89901816895552,36.5669591814494,8.85873246424299,447.396703150562,123.599826353853,0.0145688272413853,0.0149809796682684,0.00949082298993359,0.00981890470313949,0.0525611528016793,0.0977737597987459,0.0487592399239764,0.11491444651727,0.098074374743261,0.107924084138112,8.37151624497134e-05,0.000999673208731626,8858732464.24299
"118",552.575962441914,8.29961276265003e-06,0.0164338935583801,2.12263750064569e-05,8.75438065238054e-06,115.93161784026,4.4730733992681e-06,0.0134725292506623,1.15983056023588e-05,4.78348197159432e-06,552.592434615841,115.945111224371,1822220452.82049,20683815.8987188,973165718.165748,401362132.350846,3055830103.8412,19066908.6571736,1070892269.04988,441667432.997971,3217432119.2358,4587456714.5462,2.4497807742862,1.89901816895552,37.0652032825916,8.88968861196666,453.044064346059,125.342981417006,0.0145716517902821,0.0149825290912728,0.00949099849936921,0.00981900098133499,0.0525713521112254,0.0977926080204543,0.0487647581132369,0.114925527177269,0.0980761796742464,0.107925115559001,8.37152258935636e-05,0.000999673343525202,8889688611.96666
"119",556.550936670484,7.91544998490939e-06,0.0156746304949203,2.0245068608787e-05,8.34966106464096e-06,116.859177795641,4.23347573470878e-06,0.0127498835715584,1.09764712149605e-05,4.52701920165036e-06,556.566647811158,116.871947416178,1822251564.47003,20684173.1314288,973182400.520348,401369012.643987,3055855510.81142,19067101.2007257,1070901728.32132,441671334.279414,3217487150.76579,4587495674.61285,2.4497807742862,1.89901816895552,37.5671001509858,8.92014297015673,458.732034158478,127.100084231544,0.0145743457596792,0.0149839954428332,0.00949116198299129,0.00981908996827403,0.0525810793280398,0.097810585442508,0.0487699807231333,0.114936013485095,0.0980778609311758,0.107926068869613,8.37152831932196e-05,0.000999673463296609,8920142970.15673
"120",560.555792296011,7.54906739272458e-06,0.0149504332332426,1.93091162391513e-05,7.96364681049744e-06,117.792341735134,4.00671312660864e-06,0.0120660055638766,1.03879803517106e-05,4.28430828064903e-06,560.570777551074,117.804426419699,1822280545.23964,20684505.8669568,973197939.788475,401375421.494683,3055878993.09296,19067279.1721638,1070910471.23876,441674940.115421,3217538412.38975,4587531683.61928,2.4497807742862,1.89901816895552,38.0726762871726,8.9501036561359,464.460918374658,128.871219541822,0.0145769151846528,0.0149853831773491,0.00949131426470489,0.00981917221616552,0.0525903563018944,0.0978277322814936,0.0487749235875438,0.114945937326026,0.0980794269872178,0.107926949985671,8.37153349435378e-05,0.000999673569721746,8950103656.1359
"121",564.590736991278,7.19964217272123e-06,0.0142596829849867,1.84164224041451e-05,7.59547364690728e-06,118.73116889543,3.79209810790125e-06,0.0114188151218827,9.83104499125966e-06,4.05461177605625e-06,564.605029885801,118.742605388306,1822307541.05295,20684815.785133,973212414.286136,401381391.202758,3055900696.5003,19067443.6743876,1070918552.05549,441678272.881641,3217586162.32698,4587564965.11179,2.4497807742862,1.89901816895552,38.5819583878722,8.97957865652998,470.231024886187,130.656472953463,0.0145793658214431,0.0149866965103565,0.00949145611197574,0.00981924823539489,0.0525992038714254,0.0978440868974489,0.0487796016922727,0.114955328874506,0.098080885735103,0.107927764374853,8.37153816818024e-05,0.000999673664289319,8979578656.52998
"122",568.655980036122,6.86638958045948e-06,0.0136008356557066,1.7564988390137e-05,7.24431724564974e-06,119.675718594058,3.58898001229332e-06,0.0108063437715703,9.30397298682212e-06,3.83723179682494e-06,568.669612547473,119.686541668014,1822332687.8424,20685104.4506028,973225896.96437,401386951.855363,3055920755.80004,19067595.7268246,1070926020.91569,441681353.259012,3217630641.11273,4587595725.70154,2.4497807742862,1.89901816895552,39.0949733473816,9.0085758293493,476.042663706607,132.455930936232,0.0145817031603323,0.014987939431336,0.00949158823969563,0.00981931849769139,0.0526076419109146,0.0978596858795265,0.0487840292204465,0.114964216685956,0.0980822445268774,0.107928517090718,8.37154238932954e-05,0.000999673748321778,9008575829.3493
"123",572.751732330674,6.54856117983084e-06,0.0129724184002113,1.6752907795761e-05,6.9093913507941e-06,120.626050239963,3.39674300710804e-06,0.0102267286780682,8.80516292694438e-06,3.63150787382452e-06,572.764734959934,120.636292802055,1822356112.23314,20685373.3207244,973238455.776718,401392131.478534,3055939295.54808,19067736.2717471,1070932924.16568,441684200.362117,3217672072.80912,4587624156.3476,2.4497807742862,1.89901816895552,39.6117482589812,9.03710290603784,481.896146988712,134.269680826974,0.0145839324379272,0.014989115715834,0.00949171131378336,0.00981938343905595,0.0526156893749073,0.097874564127707,0.0487882195954835,0.114972627783664,0.0980835102109364,0.107929212804073,8.37154620163272e-05,0.000999673822993912,9037102906.03783
"124",576.878206408541,6.24544316381236e-06,0.0123730263366743,1.5978362270497e-05,6.58994602116545e-06,121.582223343747,3.21480423089328e-06,0.00967820697489625,8.33309927150707e-06,3.4368149537854e-06,576.890608248629,121.59191653544,1822377932.18045,20685623.752927,973250154.021627,401396956.178412,3055956430.86368,19067866.1801135,1070939304.64172,441686831.857884,3217710666.13342,4587650433.54337,2.4497807742862,1.89901816895552,40.1323104163544,9.06516749349058,487.791789041952,136.097810832631,0.0145860586488764,0.0149902289369348,0.00949182595454018,0.00981944346246861,0.0526233643407671,0.0978887549307431,0.0487921855217672,0.114980587741004,0.0980846891665327,0.107929855831979,8.37154964467837e-05,0.000999673889349366,9065167493.49058
"125",581.035616449951,5.95635475282707e-06,0.0118013194121959,1.52396174498447e-05,6.28526595389077e-06,122.54429752759,3.04261203049779e-06,0.00915911039777059,7.8863477482979e-06,3.25256150071043e-06,581.047445250601,122.553470819509,1822398257.56303,20685857.0115608,973261050.66121,401401450.272703,3055972268.14414,19067986.256963,1070945201.93568,441689264.075167,3217746615.50851,4587674720.41192,2.4497807742862,1.89901816895552,40.6566873150156,9.09277707603946,493.729906349934,137.940410033318,0.0145880865570453,0.0149912824761162,0.00949193273977327,0.00981949894038823,0.0526306840492619,0.0979022900405103,0.0487959390231434,0.114988120759246,0.0980857873359007,0.107930450164528,8.37155275422293e-05,0.000999673948315295,9092777076.03946
