"","S0","F0","L0","I0","J0","S1","F1","L1","I1","J1","N0","N1","cL0","cF0","cI0","cJ0","cL1","cF1","cI1","cJ1","cN0","cN1","Ct","Cl","Pt","Pl","LTBIEn","natdeath0","natdeath1","tbdeath0","tbdeath1","progAcute0","activation0","progAcute1","activation1","exogenous0","exogenous1"
"1",245.839449803436,0.001934508,4.15159857142857,0.00496811893208895,0.00204899820362991,25.5009651876495,0.00110792,5.89212,0.00411127978417892,0.00169561256635628,250,31.4,0,0,0,0,0,0,0,0,0,0,14014.9,700.434027777778,0,0,0.263109,0,0,0,0,0,0,0,0,0,0
"2",247.51362069412,0.00191769888525709,3.95739130888986,0.00487330581353791,0.00200989448806931,26.2700751765801,0.00123789398128762,5.76893194055594,0.00422554799834414,0.0017427401349103,251.479812902197,32.0462132992506,127962925.680051,1356157.93350705,66759706.465321,27533664.2484092,184029209.742905,930034.009404668,60927413.1497342,25128255.1408508,223612454.327288,271014912.042895,13687.3768140386,684.065135788999,0,0,0.4735962,2.56410256410256,0.473962264150943,0.000642777283870828,0.00053510782788073,0.00226709619368477,0.00453997841816748,0.00155055584362601,0.00466392349956326,7.69867541788867e-06,7.17841025033602e-05
"3",249.193370433837,0.00187214043928722,3.77308387716018,0.00472506661523435,0.00194875628763902,27.0285589974905,0.00131095090296364,5.65531439315114,0.00424189629313847,0.00174948265197236,252.975000274339,32.6911757204898,247103041.179519,2657956.61552711,129558286.845121,53433643.7270839,360108900.816705,1881293.62965457,120225802.852953,49584653.1540429,432752928.367251,531800650.453356,13367.5077274531,668.078778934601,0,0,0.685673667598683,5.14338269643279,0.957678691309443,0.00126932187076521,0.00108050266762897,0.00449531916794646,0.00886808169910325,0.00317384764056205,0.00923317167302051,1.48145230469788e-05,0.000142013903714118
"4",250.879527485572,0.00181186956243763,3.59784535236722,0.00455088604879668,0.00187691910487095,27.777407988228,0.00135215228606081,5.5502623591831,0.00421189911494528,0.00173711093441246,254.485612512656,33.3349715097466,358047767.185814,3892689.2533719,188405705.658543,77704048.0964612,528782505.570917,2828138.33523751,177611438.497503,73252175.199535,628050210.19419,782474257.603193,13055.1138666864,652.466017505704,0,0,0.899351967242815,7.73799808386191,1.45113040029797,0.00187466826356865,0.00162667061198565,0.00665927165261841,0.0129949077082274,0.00482786417936022,0.0137149806751576,2.13340091626309e-05,0.000209633254783583
"5",252.572744556517,0.00174476492013924,3.43104252410496,0.00436616289594126,0.00180073384973849,28.5173768520659,0.00137502588474379,5.45304961777988,0.0041614726572712,0.00171631358181242,256.011698742287,33.9776792819696,461372084.665898,5055809.78748873,243427486.072456,100396646.798245,690540935.491594,3758098.43823164,233002657.674524,96097141.3007925,810252027.324088,1023398832.90514,12750.0205383926,637.218120711221,0,0,1.11464176409157,10.3481069301456,1.95429978157716,0.00245655197932379,0.00216904223974402,0.0087464624868843,0.0169302444164167,0.00649096766851452,0.0181159042776862,2.72769224924612e-05,0.000274294444874501
"6",254.273567592427,0.00167522161400088,3.27216193922211,0.00417944110067007,0.00172372429575658,29.2490845270516,0.00138703262744811,5.36310695676504,0.00410354896231978,0.00169242414830138,257.553307918659,34.6193744895547,557606245.592296,6147121.12240748,294804894.406778,121586199.388106,845832135.798666,4665376.84670436,286416104.031637,118126415.787059,980144460.509586,1255040032.46407,12452.0571317463,622.326561795521,0,0,1.33155381885372,12.973867942887,2.4671704122484,0.00301421554303025,0.00270556070124331,0.0107516282899571,0.0206832433742062,0.00815211641572678,0.0224419829018524,3.26783288307461e-05,0.000335978120190589
"7",255.982475240283,0.00160566629836411,3.12076535184179,0.00399538263406343,0.00164781317676062,29.9730673047612,0.00139240163935705,5.2799584254824,0.00404448743659064,0.00166806543994981,259.110489454234,35.2601306847595,647241128.089177,7168677.00820281,342742402.326887,141357035.987925,995067239.880496,5547565.74525353,337914629.889096,139365920.801717,1138509243.41219,1477895356.31656,12161.0570230361,607.78301327019,0,0,1.55009898529506,15.6154403317963,2.98972700831715,0.00354773192050824,0.00323544314077944,0.0126735198210596,0.0242625264442652,0.00980581249979628,0.0266988410999053,3.75791525542e-05,0.000394810558263459
"8",257.699901557915,0.00153741484274288,2.97646412705412,0.00381645552015186,0.00157401837836771,30.6898071878578,0.00139361164586475,5.20318755416891,0.00398732571685218,0.00164449026740231,260.68329357371,35.9000201696568,730732212.264047,8123631.7128801,387450209.248491,159795849.012089,1138624895.00496,6403980.05942627,387581151.536664,159849853.458624,1286101902.23751,1692459880.05967,11876.8574824869,593.579342257236,0,0,1.77028820915903,18.2729838133782,3.52195539601163,0.00405762182511737,0.00375854824907279,0.0145130851987215,0.0276762543092875,0.0114494793965503,0.0308917473676977,4.20213516808409e-05,0.000450976161111982
"9",259.426249215359,0.00147115748967066,2.83890440183208,0.00364389156794987,0.00150284793480418,31.3997473617917,0.00139217255855226,5.13241910729044,0.00393343021965327,0.00162226218098694,262.271771514184,36.5391143340413,808502722.346569,9015613.4141598,429135061.653863,176987906.783797,1276854561.41698,7234806.97869678,435505578.192817,179615294.960879,1423641304.19839,1899210241.54938,11599.2995832601,579.707605941105,0,0,1.99213252783906,20.9466586192624,4.06384249291211,0.00454463778092309,0.00427505269770582,0.0162724443844426,0.0309321729364134,0.0130820934475593,0.0350256538209257,4.60455322719283e-05,0.000504676049860634
"10",261.161897294053,0.00140723309578038,2.70775835648555,0.0034782293481111,0.00143452396843,32.1033009266136,0.00138904302232037,5.06730892874589,0.00388333431490942,0.00160160115812648,263.875975636951,37.1774838338548,880946241.971738,9848386.63059556,467995628.228508,193015146.105543,1410079198.93737,8040669.10012434,481778344.467992,198699543.198663,1551805402.93638,2098597755.70415,11328.2281125804,566.160047126995,0,0,2.21564307045354,23.6366255065873,4.61537629418066,0.00500964273264939,0.00478528544001505,0.0179543116684207,0.0340376471846295,0.0147034646990227,0.0391052248463292,4.96898509453507e-05,0.000556109005518305
"11",262.90720601073,0.00134578402528811,2.58271896300517,0.00331962177544474,0.00136910954580489,32.8008560767517,0.00138485715795802,5.00753803172907,0.00383716333687813,0.00158255889035087,265.495959489081,37.8151986878659,948428976.95089,10625673.8924835,504220363.265284,207955291.064213,1538597558.72885,8822398.26428412,526487285.968311,217138824.156422,1671230305.17287,2291046067.11787,11063.4914849391,552.929089902964,0,0,2.4408310581377,26.3430457695304,5.17654586148413,0.00545354221590846,0.00528964290563281,0.0195616716804607,0.0369996867767897,0.0163138555001115,0.0431348594908989,5.29895905751866e-05,0.000605463216636582
"12",264.662519684592,0.00128684355373445,2.4634967177027,0.0031680101672153,0.00130658046444473,33.4927793866582,0.00138005033821135,4.95280893875448,0.00379484925362761,0.00156510731929274,267.13177783648,38.4523283323238,1011291766.24766,11351064.9025206,537986716.95434,221881527.331451,1662686197.90173,9580917.38605346,569716209.912575,234967702.393322,1782511075.43597,2476951027.59368,10804.9416573268,540.007335403414,0,0,2.66770780445406,29.0660812514697,5.74734131337645,0.00587724683927058,0.00578854573993806,0.021097598788655,0.0398249676109012,0.0179137757107977,0.0471187101007211,5.59770812685284e-05,0.000652913211574875
"13",266.428168695184,0.00123038513262882,2.34981751210769,0.00302322259644009,0.00124686581661089,34.1794180674966,0.00137493087271381,4.90284323429257,0.00375623826333863,0.00154918301256339,268.783486680837,39.0889416539378,1069851900.84883,12027973.5505895,569461063.455425,234862472.498565,1782601283.34185,10317178.0895322,611544324.821767,252218845.830446,1886203410.35341,2656681632.08359,10552.4340464459,527.387557671583,0,0,2.89628471586832,31.8058943574849,6.32775381650586,0.00628165189887395,0.0062824169194975,0.0225651575343614,0.0425198501118368,0.0195038708875469,0.0510606985516304,5.86817923385215e-05,0.000698619232398228
"14",268.204470854859,0.00117635011699864,2.24142116233612,0.00288502933953412,0.00118987085754797,34.8611016484873,0.00136972224476357,4.8573797878275,0.00372114397698196,0.00153470909785132,270.451143267509,39.7251070116344,1124404787.24878,12659620.9060692,598799000.836226,246962299.779913,1898580224.52582,11032127.4883398,652046103.742376,268922969.340076,1982825708.77099,2830581425.09661,10305.8274478588,515.062699618726,0,0,3.12657329226273,34.562648067032,6.91777557732002,0.00666762665831643,0.00677167088055086,0.0239673488162935,0.0450903956026891,0.0210848598679666,0.0549645308039048,6.11305031889543e-05,0.000742727713827987
"15",269.991732436544,0.00112466334081502,2.13806032458395,0.0027531740166983,0.00113548984869478,35.5381433224098,0.00136458897889697,4.81617336218889,0.00368937305809734,0.00152160583752037,272.134806088334,40.3608922524732,1175225479.30099,13249032.1277236,626145833.404777,258240936.940953,2010843161.01835,11726690.4051636,691291363.525306,285108867.44264,2072861281.77444,2998970082.39146,10064.9839570247,503.025869077731,0,0,3.35858512747153,37.3365059466987,7.5173998340994,0.00703600906512497,0.00725670832437429,0.0253070818595735,0.0475423812654334,0.0226574989329048,0.0588337101933606,6.33475049573366e-05,0.000785372219538969
"16",271.790248993758,0.00107524184196461,2.0394996418779,0.00262739096764182,0.00108361322394267,36.2108410830692,0.00135965316637819,4.77899345573796,0.00366073702500771,0.00150979549618962,273.834534881669,40.9963647244947,1222570094.77719,13799040.6553407,651637133.319322,268754297.922658,2119594322.69328,12401759.9226596,729345448.549856,300803490.079884,2156760566.67451,3162145021.24568,9829.76889218261,491.27033494896,0,0,3.59233190983046,40.1276321629893,8.12662084923108,0.00738760351040758,0.00773791394643068,0.0265871606784466,0.0498813140279317,0.0242225605179039,0.062671549702079,6.53548081977095e-05,0.000826674526013613
"17",273.600306051059,0.00102799972946847,1.94551503375365,0.00250741483739259,0.00103413154310542,36.879478724092,0.001355005484668,4.7456232967903,0.00363505719181651,0.00149920437854579,275.550390630923,41.6315912879373,1266677128.64815,14312296.0429328,675399325.970806,278554524.270445,2225023276.37437,13058192.5361579,766269461.381457,316032037.744894,2234943274.93234,3320382968.03688,9600.05071903606,479.789523436156,0,0,3.82782542273587,42.936191495109,8.74543390167628,0.00772318027796633,0.00821565566646905,0.0278102786488997,0.0521124435818744,0.0257808200799167,0.066481183361465,6.71723443425298e-05,0.000866745709833232
"18",275.422179709832,0.000982850880800692,1.85589307822852,0.00239298575773387,0.000986937628895892,37.5443267376854,0.00135071284820419,4.7158589452501,0.00361216628408967,0.001489763495698,277.282435562328,42.2666383255635,1307768672.49731,14791273.4467659,697550269.837661,287690224.283329,2327306069.97352,13696805.9197604,802120510.639195,330818063.709951,2307800440.06507,3473941450.24242,9375.70097719777,468.577014370326,0,0,4.06507754521117,45.7623493477338,9.37383527960741,0.00804347591790675,0.0086902846231549,0.0289790175836863,0.0542407746605672,0.0273330476798963,0.0702655768909539,6.88181552672847e-05,0.000905687175195585
"19",277.256137195418,0.000939710420262984,1.77043045680562,0.00228385204248413,0.000941927678538652,38.2056431357357,0.00134682391236727,4.68950847573369,0.00359190850745022,0.00148140859346817,279.030733142365,42.9015717524827,1346051547.84262,15238283.6933441,718199815.894559,296206703.730524,2426606283.50329,14318378.2226727,836951960.712265,345183577.016923,2375696351.16105,3623060199.45515,9156.59420835369,457.626537619523,0,0,4.30410025247932,48.6062717637577,10.0118222732008,0.00834919411308409,0.00916213555164066,0.0300958492724758,0.056271078661942,0.0288800024007896,0.0740275376479393,7.03085687261725e-05,0.000943591597583196
"20",279.102437360891,0.000898495513550342,1.68893344537402,0.00217977148341348,0.000899001798243978,38.8636742069237,0.00134337315129095,4.66639122673806,0.00357413895148393,0.00147407990654422,280.79534807506,43.5364570256711,1381718360.05549,15655483.3547241,737450339.513571,304146185.223111,2523075995.14454,14923648.2889417,870813675.447052,359149142.980988,2438970368.1469,3767962461.86152,8942.60788610555,446.931969582532,0,0,4.54490561654066,51.4681254370128,10.6593931675779,0.00864100679535917,0.00963152734619832,0.0311631383377455,0.0582079046768753,0.0304224285495586,0.0777697239482525,7.16583591970019e-05,0.000980543778055984
"21",280.961331156681,0.000859125779222175,1.61121744076544,0.00208051186250238,0.000858064214478382,39.5186552188076,0.00134038395016162,4.64633710596298,0.00355872275693214,0.00146772181500591,282.576346299303,44.1713591532927,1414948478.79587,16044884.5346012,755397242.054837,311548015.084763,2616856669.6413,15513316.4485698,903752251.86251,372733979.581713,2497938620.47008,3908856217.5341,8733.62234745307,436.487329764506,0,0,4.78750580675601,54.3480777249621,11.3165472358899,0.00891955537535669,0.0100987637052935,0.0321831457590056,0.0600555899679643,0.0319610530376286,0.081494653806443,7.28808945527572e-05,0.00101662141107425
"22",282.833062071766,0.000821523485792163,1.53710651666091,0.00198585102931289,0.000819023305874807,40.170811071192,0.00133787099221908,4.6291859449625,0.00354553424554553,0.00146228248545098,284.373794986248,44.8063427038777,1445908950.29963,16408364.2198539,772129421.620852,318448857.504645,2708079975.56256,16088045.6673381,935811242.045551,385956048.979239,2552895593.64498,4045935312.25469,8529.52072587738,426.286777432613,0,0,5.03191309043455,57.2462966613652,11.9832847325434,0.00918545200977138,0.0105641338059402,0.0331580327016691,0.061818269934865,0.0334965835774674,0.0852047131384081,7.39882693858069e-05,0.00105189577225526
"23",284.717866550132,0.000785613628926871,1.46643300479638,0.00189557674096365,0.000781791537233597,40.8203569055762,0.00133584212591754,4.61478689805406,0.00353445609857253,0.00145771353217963,286.187762536836,45.4414718153869,1474755346.3866,16747673.1346156,787729713.636435,324882876.245535,2796868537.35223,16648462.9211686,967031362.506706,398832143.858698,2604115609.40319,4179380506.63881,8330.18888598819,416.324608349856,0,0,5.27813983342677,60.1629509689165,12.6596068865642,0.00943928086437625,0.0110279129798925,0.0340898644472104,0.0634998875966295,0.0350297074685424,0.0889021634641223,7.49914259728338e-05,0.00108643233359308
"24",286.615974385088,0.000751323941582079,1.39903709871967,0.00180948637644273,0.00074628534169672,41.4674986745499,0.00133429983975892,4.60299788146224,0.00352537861492381,0.00145396971123976,288.018318579468,46.076810204178,1501632554.66365,17064444.0783793,802275302.508009,330881904.424207,2883336627.55193,17195160.7067243,997450690.892049,411377968.559998,2651854205.67425,4309360447.7107,8135.5153596984,406.595251585208,0,0,5.52619850072223,63.0982100718584,13.3455158950983,0.00968159935014696,0.0114903633776254,0.0349806143118302,0.0651042026177404,0.036561090823516,0.0925891491445254,7.5900263903938e-05,0.00112029131369381
"25",288.527609093285,0.00071858486657247,1.33476647811545,0.00172738658836078,0.000712424977120549,42.1124336744004,0.00133324243550788,4.59368504934255,0.00351819905452922,0.0014510086496081,289.865533967833,46.7124211738826,1526675514.05374,17360199.7531942,815838105.882419,336475602.991054,2967590804.10594,17728698.627936,1027104850.28643,423608215.089884,2696349422.68041,4436032568.11019,7945.39128389008,397.093266398303,0,0,5.7761016570524,66.0522441085708,14.0410149170482,0.00991293932077216,0.0119517346130445,0.0358321674919963,0.0666347999019392,0.0380913781315701,0.0962677041836347,7.67237393716469e-05,0.00115352817011936
"26",290.452988269921,0.000687329508036404,1.27347595217129,0.00164909292765592,0.000680134371293118,42.7553510437775,0.00133266496620924,4.58672230378695,0.00351282106145239,0.00144879060726568,291.7294807789,47.3483676241994,1550009899.47546,17636360.0970854,828485133.116981,341691608.57367,3049730497.2324,18249605.0160407,1056027181.5297,435536634.190217,2737823001.2632,4559543917.96837,7759.71033953732,387.813339196926,0,0,6.0278619674984,69.0252239441384,14.7461080668427,0.0101338082259231,0.0124122643855309,0.0366463248041066,0.0680950977759983,0.0396211920842342,0.0999397586244017,7.74699550584348e-05,0.00118619404029363
"27",292.392323926336,0.000657493570999377,1.21502712073937,0.00157442946109981,0.000649340964182406,43.3964322309433,0.00133255998879993,4.58199083624792,0.00350915415741951,0.00144727826831426,293.610232311072,47.9847120596058,1571752759.2201,17894249.146636,840278819.57093,346555671.348463,3129848549.96123,18758378.5527093,1084248904.06812,447176101.677813,2776481499.28613,4680031934.25988,7578.36869225175,378.750280565605,0,0,6.28149219810392,72.0173211828963,15.46080040834,0.0103446902180702,0.0128721790778473,0.0374248063018023,0.0694883557840507,0.0411511336075889,0.103607144564617,7.81462414924196e-05,0.00121833613674926
"28",294.345822811039,0.000629015294212149,1.15928805222885,0.00150322839256035,0.000619975551733928,44.0358514318887,0.00133291816934337,4.57937869808001,0.00350711329576799,0.00144643655701166,295.507863082506,48.6215165979908,1592013108.31904,18135101.4540501,851277338.279217,351091783.584084,3208031716.09183,19255489.8742231,1111799265.91369,458538680.292088,2812517331.63639,4797625152.17183,7401.26493421735,369.899022363648,0,0,6.53700521649318,75.0287081809586,16.1850979488624,0.0105460472125274,0.013331694329461,0.0381692547636396,0.0708176821118062,0.0426817820573282,0.107271601817192,7.87592306692632e-05,0.00124999810184456
"29",296.3136867151,0.000601835379212607,1.10613297728663,0.00143532969392404,0.000591972133652289,44.6737760013852,0.0013337287703535,4.5787803981132,0.00350661846655468,0.00144623247490673,297.422448829593,49.2588429792102,1610892480.96074,18360068.0845663,861534890.497205,355322299.470599,3284361119.00821,19741383.1407228,1138705683.30492,469635677.29525,2846109739.01311,4912443862.74911,7228.30002748245,361.254614890991,0,0,6.7944139924942,78.0595580587279,16.9190076333603,0.0107383199014408,0.0137910155853802,0.0388812390489802,0.0720860406588594,0.0442136955421797,0.110934783237364,7.93149226684674e-05,0.00128122032648572
"30",298.296112762756,0.000575896917332868,1.05544199741176,0.00137058074871273,0.000565267766418245,45.310366838865,0.00133498004330196,4.58009652535624,0.00350759434477884,0.00144663495575624,299.3540665056,49.8967525735651,1628485444.8006,18570222.2196687,871101976.522797,359268046.814487,3358912674.50195,20216477.5590705,1164993870.66467,480477698.070741,2877425690.35755,5024600720.79643,7059.37724857673,352.812224120287,0,0,7.05373159876718,81.1100447133904,17.6625373387069,0.0109219287229874,0.0142503386209046,0.0395622573228493,0.0732962577762959,0.0457474113478972,0.114598259737769,7.98187459263609e-05,0.00131204023685589
"31",300.293293688006,0.000551145315697202,1.00710080771686,0.001308836009803,0.00053980242212214,45.9457787508622,0.00133665954456757,4.58323339508801,0.00350996997495863,0.00144761473543492,301.302794279471,50.5353063902052,1644880079.80695,18766564.3906221,880025648.117887,362948431.144665,3431757480.49155,20681168.8512791,1190687961.44176,491074695.961854,2906620723.46012,5134201306.74644,6894.40213442272,344.567128993672,0,0,7.3149712114384,84.1803428313965,18.4156958681192,0.0110972747873241,0.0147098500428553,0.0402137401521076,0.0744510286858808,0.0472834464392019,0.118263525010845,8.02756117669693e-05,0.00134249255268054
"32",302.305418097932,0.000527528222882734,0.961000433104112,0.00124995667173858,0.000515518853315913,46.5801607916098,0.00133875438936799,4.58810271673722,0.00351367848647677,0.00144914423453562,303.268711534784,51.1745650854574,1660158424.1013,18950027.3657096,888349743.767694,366381532.740349,3502962176.28819,21135830.6630956,1215810620.4063,501436018.585651,2933839727.97506,5241344645.94323,6733.28242951116,336.514718782713,0,0,7.57814611073931,87.2706279009296,19.1784929457072,0.011264740760952,0.0151697277679427,0.0408370534761605,0.0755529235962667,0.0488222980211317,0.121931999976675,8.06899637358593e-05,0.00137260952014163
"33",304.332670723422,0.000504995454705706,0.91703697717047,0.00119381035761224,0.000492362463873975,47.2136565832599,0.00134125145531802,4.5946212820782,0.00351865683512173,0.00145119745177337,305.251898868868,51.8145889710803,1674396889.07877,19121480.713305,896115107.936267,369584197.058461,3572589273.83941,21580815.9093481,1240383147.94799,511570450.848604,2959217674.78681,5346123688.54535,6575.92803431097,328.650490510046,0,0,7.84326968165125,90.3810762243632,19.9509392111481,0.0114246917111951,0.0156301414789872,0.041433501455884,0.0766043935308624,0.0503644441445364,0.125605036973161,8.10658222308364e-05,0.00140242112218811
"34",306.375232657938,0.000483498920475311,0.875111383197227,0.00114027082021068,0.000470281185736609,47.8464046170818,0.00134413754498569,4.60271067238479,0.00352484556709172,0.00145374986665365,307.252438092062,52.4554380224453,1687666645.935,19281735.0616534,903359795.400231,372572119.006875,3640697463.18338,22016458.0542392,1264425576.90218,521486254.880561,2982880295.40376,5448625753.02036,6422.25095488477,320.970046431271,0,0,8.11035541455554,93.5118649307106,20.7330462144851,0.0115774759124826,0.0160912530597377,0.0420043292046742,0.0776077758812608,0.0519103443431344,0.129283923704255,8.14068248767789e-05,0.00143195526866908
"35",308.433281584948,0.000462992549983604,0.835129206616365,0.0010892176569661,0.0004492253613476,48.4785385368894,0.0013473995150182,4.61229698328877,0.00353218860241291,0.0014567783501477,309.270412227133,53.0971718866457,1700033985.57758,19431546.0749966,910119261.670972,375359921.480118,3707341894.1636,22443072.3259828,1287956762.40378,531191207.093083,3004944714.80367,5548932935.98644,6272.16525368196,313.4690915757,0,0,8.37941690588919,96.6631719880651,21.5248264110503,0.0117234256160857,0.0165532170090485,0.0425507254056162,0.0785652996994196,0.053460440291752,0.132969886960947,8.17162630495819e-05,0.00146123796843487
"36",310.50699199457,0.0004434322214513,0.797000398379703,0.00104053603818345,0.000429147631567185,49.1101874058545,0.00135102437797819,4.62331056618322,0.003540633035276,0.00146026108234547,311.305905508841,53.7398498905333,1711560653.76204,19571618.1644887,916426540.447924,377961228.546319,3772574436.28757,22860956.8661155,1310994465.24204,540692632.557452,3025520040.92077,5647122490.95318,6125.58700148165,306.143431344568,0,0,8.65046785880629,99.8351762160357,22.3262931565091,0.0118628577849119,0.0170161808351842,0.0430738248187793,0.0794790907411317,0.0550151564771923,0.136664096128714,8.19971149158115e-05,0.00149029348530443
"37",312.596535389993,0.000424775690613851,0.760639098688232,0.000994116447981875,0.000410002828828683,49.7414759577788,0.00135499938188519,4.6356857850978,0.00355012894923839,0.00146417747623956,313.359003383649,54.383531048684,1722304163.16437,19702607.9512095,922312408.982459,380388733.648133,3836443918.4598,23270393.8145219,1333555429.1637,549997436.886725,3044707913.74617,5743267178.32475,5982.43423045875,298.988969165379,0,0,8.92352208384503,103.028057298178,23.1374607020266,0.0119960747948985,0.0174802854310203,0.0435747106826115,0.0803511762726901,0.0565749008747078,0.140367666494267,8.2252075319894e-05,0.00151914447958075
"38",314.702080484175,0.000406982521103805,0.72596344056816,0.000949854437382787,0.000391747875304765,50.3725248338178,0.0013593120715369,4.64936078805069,0.00356062924559392,0.00146850810693987,315.429792509577,55.0282740712926,1732318083.98308,19825127.4975056,927805542.172682,382654263.155965,3898996350.17989,23671650.3317514,1355655452.54524,559112135.795496,3062603016.80924,5837435588.85238,5842.62688834684,292.001704201066,0,0,9.19859349960041,106.24199579442,23.9583441895539,0.0121233651044924,0.0179456654309029,0.0440544170133448,0.0811834896520679,0.0581400656243216,0.144081662363572,8.24835828191583e-05,0.00154781213660574
"39",316.823793387306,0.000390014016261136,0.692895362807483,0.000907650388985254,0.000374341685852676,51.0034508055789,0.00136395033494192,4.66427729195462,0.003572089483496,0.00147323464573564,317.518360756204,55.6741373719977,1741652314.55301,19939747.3218677,932932656.154271,384768835.58905,3960275125.66802,24064979.5605909,1377309454.82999,568042882.500506,3079293553.61819,5929692442.55911,5706.08679367225,285.17772911269,0,0,9.4756961334029,109.477173153493,24.7889596472338,0.012245003893638,0.018412449549922,0.0445139308062454,0.0819778746953663,0.059711027702313,0.147807100002375,8.26938441385223e-05,0.00157631628367849
"40",318.961837785489,0.00037383315248154,0.661360431792483,0.000867409292685273,0.000357745075514265,51.6343669854509,0.0013689024375947,4.68038038021934,0.00358446773064809,0.00147833979851588,319.624797204803,56.321179075637,1750353333.35005,20046999.21159,937718642.100826,386742716.798646,4020321212.26271,24450621.5291416,1398531538.10098,576795493.115093,3094861691.46111,6020098865.00793,5572.7375920343,278.513227874421,0,0,9.7548441220028,112.733771725351,25.6293239849244,0.0123612536736401,0.0188807609063408,0.0449541941424525,0.0827360898387601,0.06128814958408,0.151544950409737,8.2884856290779e-05,0.00160467549651362
"41",321.116375111094,0.0003584045141929,0.63128767180763,0.000829040531915453,0.000341920671354961,52.265383024961,0.0013741570468348,4.69761831225393,0.00359772442355828,0.00148380724813421,321.74919214862,56.9694570259335,1758464433.6706,20147378.8465528,942186690.899107,388585471.387767,4079173324.32778,24828803.9978336,1419335044.13667,585375470.180661,3109383974.80403,6108712642.64295,5442.50471340729,272.004473639584,0,0,10.0360517122606,116.011974773606,26.4794549898396,0.0124723648692078,0.0193507173279075,0.0453761062050559,0.083459812105662,0.0628717798953416,0.155296141934415,8.30584265850497e-05,0.00163290719628623
"42",323.287564705169,0.000343694230532083,0.602609403385045,0.000792457679903591,0.000326832828434814,52.8966053019019,0.00137970324813472,4.71594234412715,0.00361182223650259,0.00148962160036548,323.891637093293,57.619028793114,1766025942.18018,20241348.2466146,946358409.319521,390306010.623305,4136868083.80654,25199743.2529338,1439732607.27421,593788024.469024,3122931710.36962,6195588458.8027,5315.31533044024,265.647826656574,0,0,10.3193332618431,119.31196648795,27.3393713223065,0.0125785763739299,0.0198224316427603,0.0457805252079643,0.0841506408883557,0.0644622540492807,0.159061562743328,8.32161907248015e-05,0.00166102773819606
"43",325.475563972324,0.000329669913777675,0.575261089311025,0.000757578305471214,0.000312447549714116,53.5281370969177,0.00138553055483558,4.73530655969552,0.00362672595846153,0.0014957683331508,326.052224757404,58.2699516814596,1773075422.44295,20329338.0542992,950253928.260325,391912637.079117,4193440168.47037,25563644.849159,1459736203.38303,602038095.180572,3135571325.8367,6280778111.88313,5191.09831773126,259.439732233476,0,0,10.6047032399262,122.6339319966,28.2090925116366,0.0126801160803792,0.0202960119556168,0.0461682702410118,0.0848101015528902,0.0660598948677568,0.162842063150753,8.33596291776599e-05,0.0016890524923817
"44",327.680528528448,0.000316300599579298,0.549181187917288,0.000724323787915659,0.000298732409705328,54.1600787601949,0.00139162891258347,4.75566771155538,0.00364240237739188,0.00150223374886784,328.231049073163,58.9222827367891,1779647864.46725,20411749.6637104,953892003.604832,393413086.232502,4248922448.8254,25920704.3040277,1479357195.23145,610130368.654778,3147364703.96829,6364330717.01566,5069.78421205358,253.37671875025,0,0,10.8921762279024,125.978057378727,29.0886389521114,0.0127772013859896,0.0207715619099199,0.0465401230346493,0.0854396488756057,0.0676650131851664,0.166638457816372,8.34900819819019e-05,0.00171699591792674
"45",329.902612341615,0.000303556689010701,0.524311013303617,0.000692619140541307,0.000285656481692177,54.7925278688573,0.00139798869950076,4.77698507121871,0.00365882017127568,0.00150900492939619,330.42820518723,59.5760787538762,1785775861.22994,20488957.2058994,957290110.194423,394814565.221429,4303346114.56449,26271107.7465648,1498606374.50929,618069295.701571,3158369493.85169,6446292892.52192,4951.30517351114,247.455395717369,0,0,11.1817669200963,129.344529676913,29.9780318990818,0.0128700396758004,0.0212491809365902,0.0468968296474631,0.0860406703192501,0.0692779084339019,0.170451527819786,8.36087621388133e-05,0.00174487163062066
"46",332.141967866508,0.000291409892461729,0.500594602156553,0.000662392842426839,0.000273190268345532,55.4255793756266,0.00140460072294652,4.79922028795223,0.00367594980545429,0.00151606969377493,332.643789461668,60.231396283801,1791489773.07654,20561309.4002456,960464529.386081,396123788.955842,4356740791.38109,26615032.5229274,1517494000.75161,625859107.654618,3168639400.8187,6526708932.31025,4835.5949476019,241.672451879833,0,0,11.4734901244842,132.733536909603,30.8772934651781,0.0129588287831139,0.0217289644900144,0.0472391020796585,0.0866144891562618,0.0708988692106748,0.174282022618665,8.37167677258868e-05,0.00177269246506723
"47",334.398746172687,0.000279833175373679,0.477978586845731,0.000633576678035799,0.000261305635574087,56.059325749272,0.00141145621357221,4.82233725575664,0.00369376343580994,0.0015234165582719,334.877899475022,60.8882916412363,1796817880.8314,20629131.2807897,963430430.631407,397347013.763236,4409134648.89723,26952647.7614598,1536029837.39128,633503831.24047,3178224456.50683,6605620965.29044,4722.58882816778,236.024653365482,0,0,11.7673607634218,136.145268083569,31.7864466166317,0.013043757429066,0.022211004271877,0.047567619815543,0.087162367446427,0.0725281738232302,0.178130661897238,8.38150928529748e-05,0.00180047053167109
"48",336.673097066995,0.00026880070581322,0.456412074495537,0.00060610558429722,0.000249975749455916,56.6938571073395,0.00141854681725547,4.84630198799645,0.00371223481740321,0.00153103469870302,337.13063402353,61.5468209116693,1801786528.39509,20692725.8058745,966201947.484432,398490068.736517,4460554500.39796,27284114.8996016,1554223185.15222,641007302.350917,3187171270.42191,6683069102.8007,4612.22362121039,230.508841876589,0,0,12.0633938743768,139.579913206389,32.7055151697069,0.0131250056420666,0.0226953884434187,0.0478830312979412,0.087685508875774,0.0741660908171954,0.181998137311451,8.39046375718749e-05,0.00182821726897838
"49",338.965169210396,0.000258287803871962,0.435846531744893,0.000579917504801578,0.000239175016104606,57.329261341618,0.0014258645853942,4.87108249922315,0.00373133921821297,0.0015389139148562,339.402093122466,62.2070399585596,1806420255.55209,20752375.3589011,968792248.417894,399558384.940714,4511025895.01029,27609588.1749891,1572082912.97998,648373178.799654,3195523264.2696,6759091574.96492,4504.43760955243,225.121932923711,0,0,12.3616046106683,143.037663298938,33.6345237872416,0.0132027451580217,0.0231822018266855,0.0481859553373719,0.0881850614632338,0.0758128794829884,0.185885114136734,8.39862168392942e-05,0.0018559434917982
"50",341.275110229506,0.000248270892871792,0.416235674922373,0.000554953250774965,0.000228879024330918,57.9656242367725,0.00143340196395808,4.8966486937634,0.00375105333765819,0.00154704459688728,341.692378007596,62.8690044304344,1810741921.66228,20808343.1474954,971213602.80189,400557022.624509,4560573202.91408,27929215.0829869,1589617486.69224,655604952.138607,3203320890.23618,6833724856.82791,4399.1705183249,219.860914100819,0,0,12.6620082422129,146.518710407887,34.5734979752953,0.0132771398022107,0.0236715260953077,0.0484769824587171,0.0886621201412862,0.0774687903428581,0.189792232823939,8.40605686236088e-05,0.00188365943548836
"51",343.603066823087,0.0002387274523502,0.397535365377406,0.000531156368511029,0.000219064490967826,58.6030295825447,0.00144115178162558,4.92297226067132,0.00377135522960908,0.00155541769356759,344.001591136777,63.5327697679208,1814772820.86294,20860874.5078997,973477442.37474,401490696.572633,4609219694.12623,28243136.8027899,1606834995.51873,662705958.603772,3210601834.31821,6907003785.05153,4296.36348126084,214.722843400729,0,0,12.9646201562766,150.023247618221,35.5224640799056,0.0133483458536523,0.0241634399553263,0.0487566761880161,0.0891177292165097,0.0791340656182522,0.193720110468733,8.41283612372094e-05,0.00191137479675034
"52",345.949184863747,0.00022963597279484,0.379703509721198,0.00050847301295604,0.000209709208733282,59.2415592798982,0.00144910723727582,4.95002657466937,0.00379222422961881,0.00156402468227217,346.329836191662,64.1983912107168,1818532789.36502,20910198.1209563,975594418.513527,402363799.725918,4656987611.35697,28551488.5941286,1623743176.68779,669679389.255418,3217401205.72542,6978961665.89431,4195.95900777686,209.704847569914,0,0,13.2694558582333,153.551469065778,36.4814492839497,0.0134165123927568,0.024658019316564,0.0490255742819176,0.0895528847156709,0.0808089396778039,0.197669342199355,8.41901999684252e-05,0.00193909877124362
"53",348.313609495066,0.00022097591209243,0.362699964743199,0.000486851827157431,0.000200791996511257,59.8812934414609,0.00145726188705668,4.97778660272576,0.00381364088612845,0.00157285754060665,348.677218079545,64.8659238045004,1822040305.38707,20956527.1456246,977574455.590833,403180425.18718,4703898237.3976,28854400.166509,1640349438.20515,676528299.372747,3223751713.3107,7049630375.14202,4097.90095082387,204.804120501748,0,0,13.5765309723303,157.103569949795,37.4504816041115,0.0134817816330238,0.0251553374550152,0.0492841899022338,0.0899685366227227,0.082493639466313,0.201640502487406,8.42466330799519e-05,0.0019668400882993
"54",350.696485224398,0.000212727653653762,0.346486446780455,0.00046624382730032,0.00019229265193742,60.5223104865954,0.00146560963121013,5.00622881593817,0.00383558689541579,0.00158190871957826,351.043842935311,65.5354224077798,1825312582.23267,21000060.2755865,979426800.684736,403944386.723084,4749971957.46353,29151996.0228108,1656660879.96018,683255617.158717,3229683829.91607,7119040450.60524,4002.13447548919,200.017921667311,0,0,13.8858612424595,160.679746545482,38.429589887953,0.0135442892375132,0.0256554651667085,0.049533012737942,0.0903655910118201,0.0841883849151534,0.205634146386038,8.42981572343286e-05,0.00199460704298527
"55",353.097956011527,0.000204872466173872,0.331026445328144,0.000446602293069976,0.000184191906181402,61.1646872314092,0.00147414470080225,5.0353311064143,0.00385804504007543,0.0015911711182232,353.42981812352,66.2069416986826,1828365654.98257,21040982.7241186,981160069.890939,404659237.864625,4795228316.88254,29444395.7789687,1672684313.28462,689864151.806652,3235225945.46226,7187221177.75278,3908.60602833238,195.343574582862,0,0,14.1974625329362,164.280196216614,39.4188038110893,0.0136041646207845,0.0261584709134767,0.0497725100768938,0.0907449120812233,0.0858933893345944,0.209650810699677,8.43452224012228e-05,0.0020224075257508
"56",355.518165353406,0.000197392464984349,0.316285140689969,0.000427882663090895,0.000176471380822798,61.8084989739936,0.00148286164447738,5.06507270885845,0.00388099913083144,0.00160063805960845,355.835252240605,66.8805361816869,1831214461.24013,21079467.1420705,982782291.46897,405328289.701892,4839686074.48834,29731714.4613596,1688426279.07987,696356600.976446,3240404509.55306,7254200669.00602,3817.26330743767,190.778465313123,0,0,14.5113508292832,167.905117428137,40.4181538744656,0.0136615312369657,0.0266644209610465,0.0500031278294018,0.0911073240927247,0.0876088597885558,0.213691015089136,8.43882362960571e-05,0.0020502490498565
"57",357.957256365152,0.000190270574953169,0.302229325476885,0.00041004243520521,0.000169113546723053,62.453819575168,0.00149175531533263,5.09543412659117,0.00390443395149762,0.00161030326813179,358.260255117186,67.5562601942941,1833872916.33843,21115674.4734654,984300946.038617,405954627.462255,4883363252.05092,30014062.7834222,1703893064.62001,702735557.724639,3245244164.31276,7320005937.179,3728.05523316633,186.320041009548,0,0,14.8275422390231,171.55470975881,41.4276714017364,0.0137165068545864,0.0271733795098441,0.0502252915057903,0.0914536132210151,0.0893349974523454,0.217755263115799,8.44275683947802e-05,0.00207813877677627
"58",360.415371857484,0.000183490494886352,0.288827329771999,0.000393041071364599,0.000162101684800089,63.100721534985,0.00150082085798934,5.12639706174596,0.00392833520691154,0.00162016084804826,360.704937820507,68.2341679136439,1836353983.38951,21149754.7529353,985723004.028,406541125.955051,4926277180.04937,30291547.4029437,1719090719.13009,709003516.929358,3249767868.1255,7384662963.51176,3640.93191959245,181.965808482744,0,0,15.146052992476,175.229173913858,42.4473885367446,0.013769203818779,0.0276854088188924,0.0504394071499107,0.091784529317199,0.0910719979539478,0.221844043228304,8.4463553565304e-05,0.00210608353974001
"59",362.892654410783,0.000177036663384982,0.276048949788309,0.000376839906920656,0.000155419848616994,63.7492760652387,0.0015100536959221,5.15794434940182,0.0039526894736796,0.00163020526315599,363.16941265699,68.9143133630733,1838669738.52982,21181847.8489238,987054960.561005,407090463.960189,4968444540.06908,30564271.1613559,1734025068.23161,715162881.248065,3253997010.89994,7448196760.71011,3555.84464660631,177.713332808262,0,0,15.4668994435652,178.928711737658,43.4773382411015,0.0138197293014257,0.0282005693231576,0.0506458622305461,0.0921007875904654,0.0928200516994424,0.225957829694967,8.44964953522581e-05,0.00213408986557027
"60",365.389246445924,0.000170894226110795,0.263865379854351,0.000361402064109014,0.000149052828700328,64.3995531582032,0.0015194495190922,5.19005989542558,0.00397748415358002,0.0016404313175782,365.653793174898,69.5967504186191,1840831431.6916,21212084.1563275,988302867.958977,407605137.632799,5009881404.08314,30832333.3063014,1748701727.34043,721215966.643227,3257951521.4397,7510631431.3731,3472.74583266971,173.560235964961,0,0,15.7900980706282,182.653526226448,44.5175542918648,0.0138681855398021,0.0287189197446878,0.0508450264925485,0.0924030702117344,0.0945793441831365,0.230097083485024,8.45266689482092e-05,0.00216216399495209
"61",367.905290292055,0.000165049004413438,0.252249147570796,0.000346692369532206,0.000142986118507633,65.0516216518152,0.00152900427192144,5.22272861781117,0.00400270742947976,0.00165083413758205,368.158194167118,70.2815328154654,1842849543.20742,21240585.2419967,989472366.019663,408087472.991161,5050603270.85756,31095829.6986451,1763126114.09571,727165007.508402,3261649967.46025,7571990222.16033,3391.58900820788,169.504195505204,0,0,16.1156654772361,186.403821541062,45.5680712793157,0.0139146700642446,0.0292405171978661,0.0510372527694778,0.0926920278429169,0.0963500562830006,0.234262253101545,8.45543238813275e-05,0.0021903119012622
"62",370.440928251452,0.000159487465272665,0.24117405198862,0.000332677275455541,0.00013720588196754,65.7055492915016,0.00153871414163253,5.25593639131552,0.00402834822362944,0.00166140915437825,370.682731674063,70.9687141543368,1844733836.53383,21267464.4462914,990568710.225284,408539637.550541,5090625099.70128,31354853.005034,1777303459.893,733012161.424797,3265109648.75594,7632295574.02412,3312.32878962339,165.54294325612,0,0,16.4436183930191,190.179803019699,46.6289246048322,0.0139592759153429,0.0297654172890896,0.0512228777594396,0.0929682810952571,0.098132364541988,0.238453775368761,8.45796864466127e-05,0.00221853930807281
"63",372.996302661611,0.000154196692509136,0.230615104666624,0.000319324784739051,0.000131698922519496,66.3614027888419,0.00154857554697502,5.28966999520313,0.00405439615820841,0.00167215208784867,373.227522986677,71.6583479078381,1846493407.36032,21292827.443671,991596798.021239,408963651.161302,5129961341.76463,31609492.8770292,1791238820.58862,738759513.576099,3268346683.98653,7691569168.80638,3234.92085391717,161.674264051226,0,0,16.7739736744988,193.981677190715,47.7001504788599,0.0140020918511386,0.0302936742111647,0.0514022227657487,0.093232421920059,0.0999264414358164,0.242672076176351,8.46029619052026e-05,0.00224685170543452
"64",375.571555954694,0.000149164359218045,0.220548473472958,0.00030660437923691,0.000126452653583584,67.0192478772419,0.0015585851273489,5.32391706392192,0.00408084151799889,0.00168305893115208,375.792686649559,72.3504874267403,1848136729.35188,21316772.7650964,992561193.297317,409361396.105673,5168625969.07423,31859836.1177712,1804937086.43798,744409080.847301,3271376091.51997,7749831972.47728,3159.32191390277,157.895994491685,0,0,17.1067483059279,197.80965178545,48.7817859189782,0.0140432025447867,0.0308253408327,0.0515755944039745,0.0934850149349473,0.10173245562778,0.246917571183113,8.46243364739415e-05,0.00227525436503392
"65",378.166830714476,0.000144378701380492,0.210951429001753,0.000294486951503671,0.000121455070394169,67.6791493647884,0.00156873973233308,5.35866604054376,0.00410767521507515,0.00169412593616094,378.378342464201,73.0451859462157,1849671696.75585,21339392.2848372,993466149.19427,409734626.503852,5206632501.47764,32105966.8370691,1818402991.32519,749962815.631293,3274211864.7388,7807104275.27119,3085.48969399974,154.206021736513,0,0,17.4419594001369,201.663935751087,49.8738687480611,0.014082688773118,0.0313604687827607,0.0517432852768647,0.0937265986886628,0.103550572211149,0.251190666482287,8.46439791252643e-05,0.00230375235431304
"66",380.782269730893,0.000139828492608391,0.201802293482134,0.000282944739654193,0.000116694723134215,68.3411711844412,0.0015790364116214,5.39390613281276,0.00413488875539965,0.0017053495996846,380.98461149233,73.7424965920206,1851105664.08833,21360771.6740995,994315629.350223,410084977.076646,5243994031.65749,32347966.5957474,1831641121.33757,755422609.365214,3276867042.1893,7863405728.95602,3013.38290659278,150.602282321065,0,0,17.7796241993879,205.54473926354,50.9764375925322,0.0141206275965192,0.0318991085310358,0.051905574618574,0.0939576868672514,0.105380952939697,0.255491759230692,8.46620432155349e-05,0.00233235054963008
"67",383.41801605233,0.000135503019979588,0.193080392062776,0.000271951265231333,0.000112160691310098,69.0053764417114,0.00158947240536552,5.42962727165351,0.00416247420722416,0.00171672665043708,383.61161605937,74.4424723866279,1852445483.10051,21380990.8237306,995113327.693604,410413971.308662,5280723248.36265,32585914.5400238,1844655922.7341,760790295.816887,3279353772.92651,7918755381.45366,2942.96122894337,147.082761003121,0,0,18.119760076235,209.452273740385,52.0895318807137,0.0141570925305289,0.0324413094637567,0.0520627289095693,0.0941787694443732,0.107223756446894,0.259821238243689,8.46786679582411e-05,0.00236105364853437
"68",386.074213035748,0.000131392060920934,0.184766006360686,0.000261481273942268,0.000107842559309523,69.6718274599671,0.00160004513492101,5.46582007200007,0.00419042417119928,0.00172825403670931,386.259479758003,75.14516625531,1853697537.21136,21400124.2381011,995862686.881944,410723029.053006,5316832457.9924,32819887.5266385,1857451709.35349,766067654.140139,3281683377.38441,7973171709.01267,2874.18528064089,143.645489635952,0,0,18.4623845343926,213.386751853814,53.2131918412666,0.0141921537095304,0.0329871199555947,0.0522150024635217,0.0943903137783288,0.10907913845427,0.264179484557892,8.46939797568806e-05,0.002389866181222
"69",388.751004394749,0.000127485861098078,0.176840330168246,0.000251510679130831,0.000103730393087857,70.3405858234966,0.00161075219399074,5.50247579581473,0.00421873175210101,0.00173992891470833,388.928327451851,75.8506310321721,1854867773.58053,21418241.4021245,996566915.479176,411013473.615706,5352333604.65899,33049960.239405,1870032669.50405,771256411.716359,3283866404.07754,8026672646.1188,2807.01660158084,140.28854606771,0,0,18.8075152096106,217.34838754364,54.3474585017241,0.0142258780429032,0.0335365874377513,0.0523626379874392,0.0945927656582795,0.110947251969454,0.268566871963424,8.47080934109514e-05,0.00241879252123318
"70",391.448534245701,0.000123775113271921,0.169285427217532,0.000242016507859414,9.98147179307189e-05,71.0117124184554,0.00162159134015795,5.53958631717293,0.00424739053208788,0.00175174863752777,391.618285279257,76.5589194661381,1855961732.98331,21435407.1232422,997229003.957673,411286538.355425,5387238288.8444,33276205.2978051,1882402872.37415,776358246.79838,3285912682.41965,8079275613.31474,2741.41763045752,137.010053066548,0,0,19.1551698705566,221.337396030325,55.4923736871153,0.0142583293639805,0.0340897584624457,0.0525058671162421,0.0947865503020204,0.112828247474369,0.272983767507432,8.47211132071785e-05,0.0024478368954473
"71",394.166947151992,0.000120250937082799,0.162084190905762,0.000232976849479879,9.60864972431139e-05,71.6852674718133,0.00163256048679973,5.57714408929802,0.00427639454540683,0.00176371074471581,394.329480657182,77.2700842268882,1856984577.63834,21451681.8500777,997851739.605429,411543372.831618,5421557784.75813,33498693.358206,1894566273.99939,781374790.971498,3287831371.92546,8130997543.08723,2677.3516837595,133.808177270853,0,0,19.5053664197062,225.353993828061,56.6479800186797,0.0142895685721414,0.0346466787639921,0.0526449109229286,0.0949720733075586,0.114722273104042,0.277430531970443,8.47331339069467e-05,0.00247700339342704
"72",396.906388166531,0.000116904859724647,0.155220305890244,0.000224370806578516,9.25371123176929e-05,72.3613105884116,0.00164365769537085,5.61514211343626,0.00430573825447032,0.00177581295240866,397.0620422852,77.9841779107501,1857941117.12836,21467121.9693472,998437720.413248,411785048.532018,5455303056.49435,33717493.2082371,1906526722.81957,786307631.44536,3289631008.04297,8181854903.96752,2614.78293525584,130.681128164014,0,0,19.8581228942395,229.398398757879,57.8143209126705,0.0143196537683564,0.0352073933166516,0.0527799804054303,0.0951497215606388,0.11662947481649,0.281907520317107,8.4744241639858e-05,0.00250629597615851
"73",399.667002872558,0.000113728797472612,0.148678211465564,0.000216178448185431,8.91583430369291e-05,73.0399007862367,0.00165488116804675,5.65357390946853,0.00433541652723132,0.00178805314399936,399.816100149612,78.7012530465445,1858835832.54494,21481780.0825093,998989368.011726,412012564.208226,5488484773.07947,33932671.8548247,1918287964.85646,791158313.189386,3291319544.8474,8231863722.98014,2553.67639596177,127.627157073154,0,0,20.213457466946,233.470829960804,58.9914405792478,0.0143486403844833,0.0357719463894298,0.0529112769512079,0.0953198641002622,0.118549996554098,0.28641508212273,8.47545147123872e-05,0.00253571848423112
"74",402.448937422866,0.000110715038028759,0.142443066639833,0.000208380765143822,8.59423494660961e-05,73.7210965300055,0.00166622924071416,5.69243348816148,0.00436542461578672,0.00180042936131317,402.591785527658,79.4213621013847,1859672898.97879,21495705.2635327,999508939.723018,412226850.846217,5521113322.49398,34144294.6063474,1929853648.54043,795928340.923455,3292904394.81155,8281039606.56421,2493.99789457255,124.64455619125,0,0,20.5713884471368,237.571507911056,60.1793840214598,0.014376581306604,0.0363403815979882,0.0530389927805929,0.0954828529441479,0.120483980396911,0.290953561976969,8.47640243397454e-05,0.00256527464549672
"75",405.252338577502,0.000107856223651727,0.136500716830793,0.000200959627539449,8.28816542959308e-05,74.4049557631579,0.00167770037629733,5.73171532496609,0.00439575813614329,0.00181293979626249,405.389230991838,80.1445574864327,1860456206.46908,21508943.2990687,999998539.787956,412428776.296728,5553198824.74583,34352425.1493408,1941227329.21251,800619180.97465,3294392465.85284,8329397760.08233,2435.71405835457,121.73165762212,0,0,20.9319342815633,241.700654429289,61.3781970343109,0.0144035269926744,0.0369127419538212,0.0531633113698351,0.0956390238759943,0.12243156670824,0.295523299865945,8.47728353082877e-05,0.00259496808224503
"76",408.077353740026,0.000105145335037377,0.130837662106268,0.000193897744095217,7.99691260957676e-05,75.0915359383432,0.00168929315840758,5.7714143352772,0.00442641304908403,0.00182558278295556,408.208570414337,80.8708915626109,1861189379.51755,21521536.9122289,1000460129.82493,412619149.588812,5584751144.06697,34557125.6201511,1952412473.32585,805232263.010097,3295790195.84352,8376953006.02307,2378.79229448304,118.886832447716,0,0,21.295113555345,245.858492695871,62.5879262039174,0.0144295255847499,0.0374890699108509,0.0532844078547753,0.0957886971963127,0.12439289427295,0.300124631533989,8.47810065750988e-05,0.00262480231792912
"77",410.924130992399,0.000102575675918652,0.125441026897018,0.000187178623440199,7.71979633397431e-05,75.7808940464814,0.00170100628530382,5.81152585107206,0.00445738564207585,0.00183835679023467,411.049938971559,81.600416646271,1861875795.26556,21533525.9710848,1000895538.57309,412798724.948224,5615779900.29868,34758456.6719037,1963412462.36923,809768981.655107,3297103584.75796,8423719800.99492,2323.20077181577,116.10848981722,0,0,21.6609449929038,250.045247264224,63.8086189067493,0.0144546230160356,0.0380694074095755,0.0534024494160219,0.095932178438522,0.126368100428809,0.304757888826157,8.47885918107559e-05,0.00265478078347218
"78",413.792819128572,0.000100140858354039,0.120298531113454,0.000180786537166591,7.4561679170402e-05,76.4730866444797,0.00171283856415181,5.85204559885113,0.00448867251216264,0.00185126041462075,413.913473148761,82.3331850148217,1862518600.42594,21544947.6829321,1001306470.96889,412968205.540841,5646294479.52681,34956477.537132,1974230596.53312,814230698.005186,3298338224.6186,8469712251.60225,2268.90840309298,113.395076057429,0,0,22.0294474589059,254.261144074188,65.0403233089572,0.0144788631129995,0.0386537959189075,0.0535175956464688,0.0960697590519151,0.128357321191239,0.309423400012572,8.47956398906905e-05,0.00268490682318452
"79",416.683567686834,9.78347886751478e-05,0.115398462600863,0.000174706484592132,7.20540868656816e-05,77.1681698816761,0.00172478890556967,5.89296967880816,0.00452027054979101,0.00186429237364262,416.799310744795,83.0692489123133,1863120727.05488,21555836.7752901,1001694516.60147,413128246.959929,5676304044.02287,35151246.0863814,1984870098.13754,818618741.039778,3299499327.39157,8514944129.28657,2215.88482755298,110.745073803923,0,0,22.4006399592123,258.506410465458,66.2830883657847,0.0145022876927761,0.0392422764758242,0.0536299989019585,0.0962017170530316,0.130360691371802,0.314121490095629,8.48021953400584e-05,0.00271518370031732
"80",419.596526980986,9.56516540650431e-05,0.110729650870886,0.000168924159149282,6.96692859768226e-05,77.8661995250804,0.00173685631844779,5.93429454516131,0.00455217692351845,0.00187745149953021,419.707590876956,83.8086605549832,1863684907.24333,21566225.6645425,1002061157.58955,413279460.474787,5705817541.54278,35342818.8830819,1995334114.83938,822934408.945055,3300591750.97221,8559428884.21029,2164.1003939542,108.157001152546,0,0,22.7745416418358,262.781275191045,67.5369638210649,0.0145249366560772,0.0398348897229516,0.0537398046358555,0.0963283176469018,0.132378344690738,0.318852481100991,8.48082987365491e-05,0.00274561460227802
"81",422.531848130397,9.35859097400787e-05,0.106281442049897,0.000163425916326126,6.74016491062553e-05,78.5672309834766,0.00174903990503114,5.97601698758028,0.00458438906555656,0.00189073673325214,422.638453985923,84.5514721367608,1864213686.8021,21576144.6130612,1002407775.91927,413422416.057099,5734843714.03126,35531251.2349634,2005625722.63542,827178970.352461,3301620023.39153,8603179658.2541,2113.52614399393,105.629410830709,0,0,23.1511717979069,267.085968430809,68.8020002068005,0.0145468480758163,0.0404316759441931,0.0538471517182631,0.0964498138195576,0.134410413883866,0.323616692353306,8.481398707515e-05,0.00277620264552985
"82",425.48968308901,9.16322667090157e-05,0.102043674987722,0.000158198743087406,6.5245809295936e-05,79.2713193304515,0.00176133885625235,6.01813411364871,0.00461690465810447,0.00190414711887925,425.592041840817,85.2977358347334,1864709438.00943,21585621.8756009,1002735660.27994,413557645.200203,5763391105.77582,35716597.2422625,2015747928.67629,831353665.499259,3302588365.36518,8646209297.19362,2064.13379611464,103.160889388066,0,0,23.5305498626467,271.420721805024,70.078248842827,0.0145680582816451,0.04103267509851,0.053952172740582,0.0965664469031403,0.136457030804127,0.328414440737476,8.4819294098489e-05,0.00280695088019696
"83",428.470184673325,8.97856800842668e-05,0.0980066584727688,0.000153230228707409,6.31966479979708e-05,79.9785193264038,0.00177375244730435,6.06064333230412,0.00464972162042983,0.00191768179825637,428.568497544354,86.0475038145739,1865174371.48545,21594683.8356967,1003046012.43212,413685643.545452,5791468071.05121,35898909.8429572,2025703673.90512,835459707.3168,3303500711.29872,8688530362.11608,2015.89572968862,100.750056406098,0,0,23.912695416348,275.785768388006,71.3657618365589,0.014588601940589,0.041637926851954,0.0540549943060806,0.0966784471148765,0.138518326518055,0.333246040946292,8.48242505960387e-05,0.00283786229439442
"84",431.473506589444,8.8041337921108e-05,0.0941611495021932,0.00014850853694956,6.1249283600666e-05,80.6888854395931,0.00178628003344151,6.10354233820103,0.00468283809665723,0.00193134000596597,431.567965538105,86.8008282359302,1865610547.25324,21603355.1327462,1003339953.13987,413806873.328872,5819082781.29193,36078240.8552436,2035495835.53396,839498282.451857,3304360728.85472,8730155140.13299,1968.78496957235,98.3955637261706,0,0,24.2976281853645,280.181342721795,72.6645920828166,0.0146085121339628,0.0422474706080485,0.0541557373071132,0.0967860340711298,0.140594431397432,0.338111805715199,8.48288846751461e-05,0.00286893981830149
"85",434.4998034592,8.63946505616747e-05,0.0904983325580925,0.000144022379530617,5.9399060484379e-05,81.4024718662778,0.00179892104599867,6.14682909694606,0.00471625244422587,0.00194512106456773,434.590591607849,87.5577612577786,1866019885.04232,21611658.7804141,1003618527.69716,413921765.660412,5846243231.82752,36254641.0174543,2045127229.36967,843470552.225907,3305171837.18031,8771095654.44055,1922.77517102172,96.0960946956345,0,0,24.6853680431074,284.607680829878,73.9747932637363,0.0146278204307363,0.0428613455366079,0.0542545171895974,0.0968894172776844,0.142685475206383,0.343012046044897,8.48332220065721e-05,0.00290018632799491
"86",437.549230845431,8.48412404615116e-05,0.087009799843036,0.000139760990810178,5.76415385827286e-05,82.1193325499922,0.00181167498861773,6.19050183115655,0.0047499632229805,0.0019590243800993,437.636522889043,88.3183550437404,1866404173.88642,21619616.2769499,1003882711.0762,414030722.647246,5872957248.21266,36428160.0256053,2054600612.00043,847377653.536899,3305937223.88682,8811363673.77559,1877.84060495985,93.8503634315399,0,0,25.0759350110509,289.065020230984,75.2964198487594,0.0146465569575157,0.0434795906010802,0.054351444205332,0.0969887965973594,0.144791587184139,0.34794707141247,8.48372860469654e-05,0.00293160464905778
"87",440.621945276434,8.33769324773563e-05,0.0836875324304064,0.000135714103648977,5.59724834258493e-05,82.8395212000097,0.00182454143367203,6.23455900729702,0.00478396918486127,0.00197304943782414,440.705907872384,89.082661767363,1866765081.06389,21627247.7079737,1004133412.72342,414134119.371805,5899232492.18181,36598846.5687412,2063918682.85294,851220699.707708,3306659860.86709,8850970721.31119,1833.95614358916,91.6571141015603,0,0,25.4693492597446,293.553599952923,76.6295270947026,0.0146647504652941,0.0441022445844952,0.0544466236527117,0.0970843626960043,0.146912896123713,0.35291718997167,8.48410982404655e-05,0.00296319755997872
"88",443.718104269655,8.19977445957254e-05,0.0805238822871115,0.000131871926382059,5.43878566434482e-05,83.563091309035,0.00183752001887875,6.27899932325033,0.0048182692641605,0.00198719579821309,443.798896409469,89.8507336173666,1867104160.4258,21634571.8422425,1004371481.02743,414232305.734477,5925076467.25555,36766748.3622375,2073084086.12971,855000781.285133,3307342519.02995,8889928083.03263,1791.09724633968,89.5151202217204,0,0,25.8656311098352,298.073660546486,77.9741710459081,0.0146824283931225,0.0447293461140938,0.0545401561063692,0.0971762974678751,0.149049530446686,0.357922708742971,8.48446782014187e-05,0.00299496779535468
"89",446.837866354637,8.0699879082726e-05,0.0775115551282011,0.000128225120855367,5.28838069064508e-05,84.2900961701679,0.00185061044409041,6.32382169658289,0.00485286256831544,0.00200146309314705,446.915639718572,90.6226228028563,1867422860.1537,21641606.2208772,1004597707.48126,414325608.170239,5950496524.02409,36931912.179207,2082099412.63513,858718966.793021,3307987782.02608,8928246815.63145,1749.23994614576,87.4231839705354,0,0,26.2648010330952,302.625444099403,79.3304085344721,0.0146996169288414,0.0453609336847108,0.0546321376362519,0.0972647744413468,0.151201618274319,0.362963933793961,8.48480438800004e-05,0.00302691804891012
"90",449.981391095282,7.94797140363412e-05,0.0746435940648133,0.000124764781476691,5.14566612869968e-05,85.0205888931769,0.00186381246825645,6.36902525346541,0.00488774836920825,0.00201585102232883,450.056290390504,91.3983815585021,1867722529.98612,21648367.2404984,1004812830.55988,414414331.247859,5975499865.13104,37094383.8801459,2090967201.49834,862376303.442819,3308598059.03436,8965937753.95234,1708.36083604347,85.3801355191789,0,0,26.6668796534613,307.209194250363,80.698297180553,0.01471634106701,0.0459970456809807,0.0547226600166169,0.0973499591658707,0.153369287495184,0.368041170410608,8.48512117123688e-05,0.00305905097634406
"91",453.14883911145,7.83337953232309e-05,0.0719133640086694,0.000121482415234173,5.01029170174838e-05,85.7546224201199,0.00187712590654666,6.41460931821295,0.00492292609494585,0.00203035934989292,453.221002394586,92.1780621496842,1868004427.95014,21654870.2306855,1005017539.33241,414498759.159696,6000093549.97912,37254208.4409455,2099689941.80022,865973817.80461,3309175596.67293,9003011518.02489,1668.43705608125,83.3848323773045,0,0,27.0718877480791,311.825156203086,82.0778953927568,0.014732624664161,0.0466377203984301,0.0548118109254064,0.0974320095810446,0.155552665829494,0.373154723259914,8.48541967568147e-05,0.00309136919801609
"92",456.340372099936,7.72588288828576e-05,0.0693145367980494,0.000118369922637711,4.88192336302422e-05,86.4922495403477,0.00189055062762813,6.46057340341001,0.00495839532209345,0.00204498790120238,456.40993108472,92.9617168776086,1868269726.63201,21661129.5261484,1005212476.82735,414579157.109587,6024284499.17772,37411429.9793843,2108270074.11148,869512516.441458,3309722490.0951,9039478519.71004,1629.44628053638,81.4361587541556,0,0,27.4798462483582,316.473576740467,83.4692623686011,0.0147484904915055,0.0472829960635192,0.0548996741344448,0.0975110763686244,0.157751880890322,0.37830489654444,8.48570128172381e-05,0.00312387530148142
"93",459.556152854867,7.62516733824816e-05,0.0668410770118162,0.000115419579540673,4.76024254602775e-05,87.2335229049224,0.00190408655108834,6.50691720058832,0.00499415576833756,0.00205973655982283,459.623233205557,93.74939808439,1868519519.0184,21667158.533973,1005398243.16752,414655772.605812,6048079498.75056,37566091.7802103,2116709991.94806,872993386.509652,3310240693.3257,9075348968.98848,1591.3667054303,79.5330249346052,0,0,27.8907762410341,321.154704238771,84.8724580950555,0.0147639602852043,0.0479329108526897,0.0549863296908784,0.0975873032882654,0.159967060241851,0.383491994149153,8.48596725551496e-05,0.00315657184388436
"94",462.796345287526,7.53093332072801e-05,0.0644872284396054,0.000112624019801305,4.64494544943237e-05,87.9784950404826,0.00191773364499667,6.55364057142679,0.00503020728555493,0.0020746052646639,462.861066898773,94.5411581581046,1868754823.93763,21672969.7962763,1005575398.4906,414728836.665617,6071485204.12055,37718236.3189109,2125012043.14973,876417396.327289,3310732028.89013,9110632879.91648,1554.1770363356,77.674366669778,0,0,28.304698969239,325.868788681905,86.2875433491595,0.0147790547943195,0.0485875029104742,0.0550718540902595,0.0976608274977456,0.162198331454846,0.388716319781024,8.48621875912836e-05,0.00318946135421921
"95",466.061114445666,7.44289517705254e-05,0.0622475011777871,0.000109976218745064,4.5357423550224e-05,88.7272183625842,0.00193149192359752,6.60074353944474,0.00506654985326571,0.00208959400727908,466.123591709438,95.337049537813,1868976591.12835,21678575.0485866,1005744465.67003,414798564.937356,6094508143.8875,37867905.2842631,2133178531.18728,879785495.913396,3311198196.78432,9145340076.27243,1517.85647646798,75.8591445819131,0,0,28.7216358335815,330.616081675739,87.7145796987158,0.0147937938265516,0.0492468103667197,0.0551563204416589,0.0977317798583894,0.16444582215947,0.393978177101788,8.48645685978071e-05,0.00322254633546663
"96",469.350626532313,7.3607805129412e-05,0.0601166593222147,0.000107469477390911,4.43235697713928e-05,89.4797451885463,0.00194536144512826,6.64822628216126,0.00510318357244983,0.00210470282931547,469.410968592488,96.1371247185545,1869185705.96115,21683985.2742396,1005905932.84965,414865158.745901,6117154723.41308,38015139.5997494,2141211716.40329,883098617.49966,3311640782.83094,9179480196.91578,1482.38471505656,74.0863435831352,0,0,29.1416083932344,335.396836462502,89.1536295030602,0.0148081962918663,0.049910871352973,0.0552397986251729,0.0978002852263768,0.166709660095601,0.399277869854247,8.48668253820096e-05,0.00325582926661334
"97",472.665048924107,7.28432958927503e-05,0.0580897092301235,0.000105097407406321,4.33452584218161e-05,90.2361277498269,0.0019593423097555,6.69608912369492,0.00514010865970709,0.00211993182010519,472.723359919299,96.9414362563114,1869382993.83691,21689210.7550635,1006060255.80521,414928806.066556,6139431228.22666,38159979.4439178,2149113817.19112,886357676.016678,3312061266.46374,9213062700.87838,1447.74191598588,72.3549723078085,0,0,29.5646383670311,340.211307935246,90.6047559139063,0.014822280244106,0.0505797240180757,0.0553223554421737,0.0978664627305885,0.168989973160785,0.404615701982478,8.48689669622809e-05,0.00328931260456222
"98",476.004550189194,7.21329474073495e-05,0.0561618883248279,0.000102853916757337,4.24199769677152e-05,90.9964182039542,0.00197343465762385,6.74433252777955,0.00517732544174225,0.00213528111439087,476.06092948436,97.7500367729475,1869569224.284,21694261.1186067,1006207860.14427,414989682.432384,6161343827.26407,38302464.2697587,2156887011.11638,889563569.556472,3312461027.97926,9246096872.20668,1413.90870670336,70.6640625581563,0,0,29.9907476345705,345.059752652367,92.0680228762657,0.0148360629206815,0.0512534065430125,0.0554040547586379,0.0979304260376126,0.171286889455953,0.409991977746288,8.48710016371028e-05,0.00332299878593959
"99",479.369300104704,7.14743982104888e-05,0.0543286544180867,0.000100733196021615,4.15453294326435e-05,91.7606686460369,0.001987638667011,6.79295709117318,0.00521483435015752,0.00215075089017796,479.423842512045,98.5629789611174,1869745114.77496,21699145.3821447,1006349143.35576,415047951.779493,6182898575.95109,38442632.823166,2164533435.9847,892717179.8129,3312841355.29236,9278591824.57187,1380.86616738606,69.012668762837,0,0,30.4199582373309,349.942428852206,93.5434951294422,0.0148495607804305,0.0519319571550537,0.0554849576418706,0.0979922836045042,0.173600537329016,0.41540700183024,8.48729370477117e-05,0.0033568902288059
"100",482.759469673828,7.08653967364332e-05,0.0525856755261743,9.8729705333836e-05,4.071903101339e-05,92.5289311198767,0.00200195455258392,6.84196353743847,0.00525263591653582,0.00216634136670687,482.812265663487,99.380315589151,1869911334.28195,21703871.9936861,1006484476.71937,415103767.234544,6204101419.14197,38580523.1605452,2172055190.85975,895819372.501478,3313203450.22955,9310556505.66375,1348.5958203605,67.3998674481718,0,0,30.8522923797928,354.859596467715,95.0312382081006,0.0148627895397286,0.0526154141412324,0.055565122490929,0.0980521389198652,0.175931045416467,0.420861079447562,8.48747802350294e-05,0.00339098933427573
"101",486.175231142531,7.03037962654797e-05,0.050928820156808,9.68381619342922e-05,3.99389029446516e-05,93.3012576287024,0.00201638256375076,6.89135271107421,0.00529073076779911,0.00218205280253861,486.226367043549,100.202099505911,1870068506.58871,21708448.8701831,1006614207.08451,415157271.848414,6224958193.92286,38716172.6656253,2179454337.03449,898870997.759986,3313548434.39181,9341999701.38296,1317.0796197698,65.8247567217307,0,0,31.2877724305698,359.811517141186,96.5313184434086,0.0148757642069333,0.053303815861192,0.055644605161036,0.0981100907337841,0.178278542683089,0.426354516439214,8.4876537691399e-05,0.00342529848805258
"102",489.616758015905,6.97875501045336e-05,0.049354148045141,9.50535282928025e-05,3.92028676009864e-05,94.0777001455476,0.00203092298310345,6.94112557197841,0.00532911962182665,0.00219788549374772,489.666316207896,101.028383645625,1870217213.37587,21712883.4331375,1006738658.52756,415208599.27973,6245474632.28923,38849618.0655284,2186732898.9591,901872890.531156,3313877354.6163,9372930039.84502,1286.29994148228,64.2864557679862,0,0,31.7264209235488,364.798454239069,98.0438029642525,0.0148884991152376,0.0539972007594413,0.0557234590822593,0.0981662332771513,0.180643158459879,0.4318876193684,8.48782154076132e-05,0.00345982006188363
"103",493.084225074203,6.93147069886989e-05,0.0478579013180408,9.3371000781389e-05,3.85089438250926e-05,94.858310623289,0.00204557612494637,6.99128319022502,0.00536780328331946,0.0022138397722165,493.132284170173,101.859221032694,1870357997.09507,21717182.6417807,1006858133.89596,415257874.431668,6265656363.70561,38980895.446147,2193892865.12833,904825870.928634,3314191188.06448,9403355995.20873,1256.2395732359,62.7841043557538,0,0,32.1682605590393,369.820672866842,99.5687596985261,0.0149010079540071,0.0546956073770488,0.0558017353727218,0.0982206564708405,0.183025022480284,0.437460695610772,8.48798189156778e-05,0.00349455641493916
"104",496.577808388556,6.88834066938372e-05,0.0464364960668387,9.17859988703784e-05,3.7855242471964e-05,95.6431410043647,0.00206034233390637,7.0418267411367,0.00540678263989724,0.00222991600402542,496.62444340927,102.694664786479,1870491363.6463,21721353.0239933,1006972916.24672,415305214.045257,6285508917.55538,39110040.2668729,2200936188.93087,907730744.587307,3314490846.96227,9433285891.34043,1226.88170501301,61.3168623571433,0,0,32.613314204931,374.878439883972,101.106257374491,0.0149133037986698,0.0553990743628076,0.055879482946593,0.0982734461252242,0.185424264914842,0.443074053440586,8.48813533277066e-05,0.00352950989512133
"105",500.097685336399,6.84918758504983e-05,0.0450865143096522,9.02941548237564e-05,3.72399621589504e-05,96.4322432301892,0.00207522198362017,7.09275750063765,0.00544605865841545,0.00224611458793406,500.142967876702,103.534768126057,1870617784.87201,21725400.7051185,1007083270.18667,415350727.25213,6305037725.48775,39237087.3747214,2207864789.46337,910588302.999018,3314777183.01593,9462727905.32487,1198.20991964004,59.8839092777516,0,0,33.0616048978614,379.972023918939,102.656365522212,0.0149253991392272,0.0561076404839024,0.055956748617104,0.0983246841304724,0.187841016404317,0.448728002113013,8.48828233713118e-05,0.0035646828403064
"106",503.644034616635,6.81384239500514e-05,0.0438046963252595,8.88913038707209e-05,3.66613852122182e-05,97.2256692502795,0.00209021547549472,7.14407684087093,0.00548563238149047,0.00226243595394805,503.688033004073,104.379584374961,1870737700.88057,21729331.4348143,1007189443.12117,415394516.089522,6324248123.66865,39362071.0178901,2214680552.31133,913399323.834615,3315050991.52608,9491690070.83249,1170.20818360689,58.4844437978359,0,0,33.5131558443915,385.101695384341,104.219154475058,0.0149373059074475,0.0568213446361047,0.0560335771948136,0.0983744486380575,0.190275408091414,0.454422851942854,8.48842334218144e-05,0.00360007757952432
"107",507.217036264527,6.78214395342615e-05,0.0425879333413399,8.75734748314421e-05,3.61178738005383e-05,98.0234710311103,0.00210532323753694,7.19578622606586,0.0055255049242215,0.00227888056196706,507.259815710657,105.2291669659,1870851522.21062,21733150.6120774,1007291666.41747,415436675.980086,6343145354.94151,39485024.8587867,2221385330.29886,916164571.253203,3315313015.22026,9520180281.35237,1142.86083810082,57.1176833242081,0,0,33.967990422191,390.267726492075,105.794695371284,0.014949035502805,0.0575402258535244,0.0561100115813456,0.0984228142338745,0.19272757165115,0.460158914379843,8.4885587531572e-05,0.00363569643407961
"108",510.816871666368,6.75393865599424e-05,0.0414332605606904,8.63368811760532e-05,3.56078662477507e-05,98.8257005647103,0.00212054572324906,7.24788720864167,0.00556567747109872,0.00229544890050964,510.858494411062,106.083569445447,1870959631.84741,21736863.3085651,1007390156.48867,415477296.178942,6361734570.90376,39605981.9865619,2227980944.20952,918884796.199404,3315563947.82358,9548206293.29924,1116.15259024994,55.7828635526024,0,0,34.4261321812331,395.470391268595,107.383060155675,0.0149605988172209,0.0582643233179418,0.0561860928588057,0.098469852103362,0.195197639319959,0.465936502080739,8.48868894566911e-05,0.00367154171861677
"109",514.443723573913,6.72908009306994e-05,0.0403378505097881,8.5177912496862e-05,3.51298735156549e-05,99.6324098770136,0.00213588341058606,7.30038142553451,0.00560615127308742,0.00231214148551063,514.48424902301,106.942845478717,1871062387.10105,21740474.2903305,1007485115.80363,415516460.190198,6380020833.90418,39724974.9291755,2234469183.47973,921560736.68938,3315804437.3852,9575775729.00246,1090.06850457129,54.4792380402693,0,0,34.8876048449977,400.709965570247,108.984321581266,0.0149720062586628,0.0589936763677445,0.0562618603750768,0.098515630188996,0.197685743923602,0.471755928978392,8.48881426813671e-05,0.00370761574213361
"110",518.097776118617,6.7074287188131e-05,0.0392990066947914,8.40931263746995e-05,3.46824758494524e-05,100.443651035981,0.00215133680097202,7.35327059473562,0.00564692764487861,0.00232895885918722,518.137260975202,107.807048854021,1871160121.35636,21743988.0380798,1007576733.82797,415554246.155037,6398009118.96605,39842035.6650277,2240851806.86678,924193118.086299,3316035089.37744,9602896079.58416,1064.59399461879,53.2060777885588,0,0,35.352432311685,405.986727098688,110.598553211134,0.0149832677736542,0.059728324506492,0.0563373518251836,0.0985602133405065,0.200192018903947,0.477617510347959,8.488935044007e-05,0.0037439208089456
"111",521.779214825669,6.68885153552028e-05,0.0383141575507646,8.30792406211992e-05,3.42643195782347e-05,101.259476159499,0.00216690641837216,7.40655651202889,0.00568800796229717,0.00234590158897002,521.817713215295,108.676233487497,1871253145.70291,21747408.7660532,1007665187.90076,415590727.213308,6415704315.6406,39957195.6341789,2247130543.09267,926782653.365904,3316256469.58303,9629574707.73335,1039.71481482636,51.9626708352579,0,0,35.8206386554373,411.300955416382,112.225829420251,0.0149943928687448,0.0604683074111281,0.0564126033289068,0.0986036634581554,0.202716598344683,0.483521562870428,8.48905157377771e-05,0.00378045921960401
"112",525.488226627847,6.67322179248377e-05,0.0373808506705668,8.2133125879643e-05,3.38741140633556e-05,102.079937423075,0.00218259280841765,7.46024104791716,0.00572939365985888,0.00236297026649547,525.525790217976,109.550453427727,1871341750.45355,21750740.4396226,1007750644.05149,415625971.840445,6433111229.79483,40070485.7491852,2253307091.46545,929330043.372755,3316469106.7851,9655818850.38222,1015.41705254171,50.7483218564549,0,0,36.292248127571,416.65293196218,113.866225397421,0.0150053906309908,0.0612136649398629,0.0564876495048215,0.0986460396293952,0.20525961699604,0.489468404693608,8.489164136843e-05,0.00381723327177061
"113",529.224999879214,6.6604186987079e-05,0.0364967473004751,8.12517985678111e-05,3.35106287878543e-05,102.905087067332,0.00219839653758041,7.51432614472665,0.00577108622846826,0.0023801655066564,529.261677993129,110.429762860331,1871426206.55907,21753986.7916952,1007833257.76118,415660044.161392,6450234585.33778,40181936.4055711,2259383122.47927,931835977.067723,3316673495.27334,9681635621.29035,991.687120246229,49.5623517777088,0,0,36.767285157818,422.04294006698,115.519817147273,0.0150162697474887,0.0619644371397415,0.0565625235409225,0.0986873982592152,0.20782121029855,0.495458355490734,8.48927299317816e-05,0.00385424526105153
"114",532.989724368648,6.65032714884846e-05,0.0356596170902109,8.04324141470375e-05,3.31726905804166e-05,103.734977405318,0.00221431819239519,7.56881381388005,0.00581308721324974,0.00239748794670752,533.025564094114,111.31421611255,1871506766.9261,21757151.3380028,1007913174.67168,415693004.243121,6467079025.88858,40291577.4919606,2265360278.39448,934301131.767215,3316870097.1789,9707032013.54224,968.511747956744,48.4040973943045,0,0,37.2457743555763,427.471264969473,117.186681492335,0.015027038524008,0.0627206642539194,0.0566372572619966,0.0987277931944656,0.210401514405926,0.501491736516823,8.48937838487782e-05,0.00389149748179247
"115",536.782591333238,6.64283746176967e-05,0.0348673330856071,7.96722607024006e-05,3.28591809676568e-05,104.569660829638,0.00223035837872644,7.62370613332878,0.00585539821150476,0.00241493824542287,536.81763762614,112.203867657803,1871583667.64482,21760237.3913544,1007990531.24647,415724908.367188,6483649116.38991,40399438.3998877,2271240173.79878,936726173.374636,3317059344.64984,9732014901.96321,945.877975804833,47.2729110003832,0,0,37.7277405111709,432.938193831977,118.866896075166,0.0150377049027637,0.0634823867286605,0.05671188119389,0.0987672758424403,0.213000666207095,0.507568870662912,8.48948053756127e-05,0.00392899222783774
"116",540.603793471546,6.63784513114084e-05,0.0341178669527,7.89687528196769e-05,3.25690336487933e-05,105.409189819422,0.00224651772107762,7.67900524513595,0.00589802087078795,0.00243251708230238,540.638089254737,113.098772120232,1871657129.13278,21763248.0749226,1008065455.38655,415755809.283717,6499949344.6696,40505548.033302,2277024396.15063,939111756.604498,3317241641.87796,9756591045.45804,923.77314678955,46.1681600267399,0,0,38.2132085971233,438.444015756348,120.560539360567,0.0150482764793694,0.0642496452200736,0.0567864246248155,0.0988058952839806,0.215618803347443,0.513690082508303,8.48957966165693e-05,0.00396673179325507
"117",544.453524956748,6.63525058752069e-05,0.0334092844225481,7.83194257453468e-05,3.23012320870639e-05,106.253616947127,0.00226279686194059,7.73471335320155,0.00594095688709623,0.002450225156825,544.487111214334,113.998984279234,1871727357.20037,21766186.3346294,1008138067.0042,415785756.448061,6515984122.95365,40609934.8177885,2282714506.30589,941458525.199605,3317417366.98726,9780767089.27693,902.18489969952,45.0892266870848,0,0,38.7022037694318,443.989021799986,122.267690637853,0.0150587605190065,0.0650224806006039,0.056860915663835,0.0988436983813559,0.218256064249317,0.519855698370933,8.4896759535769e-05,0.00400471847302826
"118",548.331981449663,6.63495897140287e-05,0.0327397409465741,7.77219298165755e-05,3.2054807212486e-05,107.102994885194,0.00227919646118304,7.79083272112242,0.00598420800316432,0.00246806318774574,548.364897316936,114.904559073969,1871794544.04358,21769054.9506933,1008208478.55777,415814796.241341,6531757789.33289,40712626.7095165,2288312039.02844,943767112.141674,3317586873.79338,9804549567.21252,881.101162200442,44.0355076325722,0,0,39.194751368861,449.573504991928,123.9884300232,0.0150691639718487,0.0658009339652919,0.0569353812966495,0.0988807298811608,0.220912588131815,0.526066046355979,8.48976959679163e-05,0.00404295456371943
"119",552.239360111688,6.63687991671969e-05,0.0321074775527007,7.71740251486969e-05,3.18288352308185e-05,107.957376412566,0.00229571719547189,7.8473656701793,0.00602777600686115,0.00248603191243426,552.2716429609,115.81555160786,1871858869.16874,21771856.548395,1008276795.54993,415842972.17596,6547274609.18617,40813651.2039317,2293818503.4859,946038139.855768,3317750493.44303,9827944903.73178,860.51014408414,43.0064136144025,0,0,39.6908769222414,455.197760349025,125.722838462052,0.015079493487774,0.0665850466378161,0.0570098474388186,0.09891703251246,0.223588515029927,0.532321456402798,8.48986076281374e-05,0.00408144236410282
"120",556.175859617635,6.64092734432431e-05,0.0315108168929975,7.66735765683016e-05,3.16224355338193e-05,108.816814421058,0.00231235975773075,7.90431457744431,0.00607166272968171,0.00250413208625291,556.207545139814,116.732017153076,1871920500.25417,21774593.6081151,1008343116.99204,415870325.087113,6562538776.56206,40913035.3442053,2299235383.73101,948272220.408835,3317908535.94144,9850959416.04611,840.400330675374,42.0013691543092,0,0,40.1906061437788,460.862084892213,127.470997731605,0.015089755430398,0.0673748601763294,0.0570843389865304,0.0989526470804002,0.226283985813053,0.538622260330313,8.48994961209911e-05,0.00412018417577154
"121",560.141680168494,6.64701926499342e-05,0.0309481594739894,7.62185487805821e-05,3.14347687061158e-05,109.681361921616,0.0023291248566296,7.96168187400213,0.00611587004532899,0.00252236448197184,560.172802451478,117.654011155002,1871979593.95279,21777268.4746929,1008407535.83691,415896893.311267,6577554415.52134,41010805.7294528,2304564139.16951,950469955.702681,3318061291.57566,9873599316.12299,820.760476392733,41.0198122227465,0,0,40.6939649363739,466.566777662878,129.23299044335,0.0150999558904598,0.0681704163791038,0.0571588798650338,0.0989876125554989,0.22899914220293,0.544968791880922,8.49003629487266e-05,0.00415918230371901
"122",564.137023504113,6.65507759151304e-05,0.0304179800611829,7.58070017601119e-05,3.1265034624227e-05,110.551072050443,0.002346013216105,8.01947004327881,0.00616039986838139,0.00254072988921944,564.167615106987,118.581589236696,1872036296.63998,21779883.3661541,1008470139.38207,415922712.852491,6592325581.44226,41106988.5227342,2309806205.01524,952631937.661653,3318209032.2407,9895870712.64189,801.57959846001,40.0611939245973,0,0,41.2009793929515,472.312139739304,131.008900045689,0.0151101006985905,0.0689717572899934,0.0572334930748417,0.0990219661588088,0.231734126791018,0.551361386763034,8.4901209518857e-05,0.00419843905689647
"123",568.162092915826,6.66502795943049e-05,0.0299188242497589,7.54370863547333e-05,3.11124706434776e-05,111.425998075012,0.0023630255749092,8.07768161947222,0.00620525415304072,0.00255922911396595,568.192184939913,119.514807203326,1872090745.1103,21782440.3818486,1008531009.64563,415947817.537462,6606856262.29042,41201609.4588454,2314962992.73296,954758748.415289,3318352012.67524,9917779612.89752,782.846970764539,39.1249781922267,0,0,41.7116757978006,478.098474253221,132.79881082662,0.0151201954374923,0.0697789252037274,0.0573082007358076,0.0990557434431501,0.234489083055369,0.557800382692307,8.49020371511071e-05,0.004237956748748
"124",572.217093259012,6.67679955607427e-05,0.0294493051937537,7.51070400927072e-05,3.09763498687437e-05,112.306193399976,0.00238016268618658,8.13631918607876,0.00625043489195667,0.00257786297803863,572.246715415592,120.453721046611,1872143067.22652,21784941.5100402,1008590223.71657,415972239.159941,6621150379.85487,41294693.8519128,2320035890.46964,956850960.476179,3318490471.61307,9939331924.65261,764.552117859059,38.2106414857081,0,0,42.2260806279237,483.926086406451,134.602807916482,0.015130245453556,0.0705919626710438,0.0573830241291745,0.0990889783705912,0.237264155377008,0.56428611943167,8.49028470837929e-05,0.00427773769772421
"125",576.302230965614,6.69032495746178e-05,0.0290081004864017,7.48151831837332e-05,3.08559795051555e-05,113.191711572967,0.00239742531707599,8.19538537451102,0.00629594411512346,0.00259663231866674,576.331411640512,121.398386949229,1872193382.52444,21787388.6349853,1008647854.08122,415996007.615417,6635211790.95226,41386266.6027982,2325026263.47464,958909136.913271,3318624632.85606,9960533457.94298,746.684809103755,37.3176725000552,0,0,42.7442205543975,489.795283487637,136.42097729077,0.0151402558679433,0.0714109125036714,0.0574579837376895,0.099121703386351,0.240059489055865,0.570818938830201,8.49036404796825e-05,0.00431778422777602
